year,month,fips,usercnt,tweetcnt,usercnt_all,tweetcnt_all,srb,srb_using_tweet
2017,1,45019,9,9,4267,42947,2.10921021795,0.209560621231
2017,1,45041,7,11,953,15110,7.34522560336,0.727994705493
2017,1,45007,3,3,1181,13177,2.54022015241,0.227669423996
2017,1,45091,11,13,1554,16346,7.07850707851,0.795301602839
2017,1,45043,2,2,526,8053,3.80228136882,0.248354650441
2017,1,45083,24,26,2115,44298,11.3475177305,0.586933947357
2017,1,45035,5,6,776,11585,6.44329896907,0.517911091929
2017,1,45027,1,1,94,1161,10.6382978723,0.861326442722
2017,1,45075,2,2,438,8325,4.56621004566,0.24024024024
2017,1,45077,7,10,1770,18591,3.95480225989,0.537894680222
2017,1,45051,32,48,3751,66408,8.53105838443,0.722804481388
2017,1,45029,1,1,126,798,7.93650793651,1.25313283208
2017,1,45045,21,26,4089,52960,5.13573000734,0.490936555891
2017,1,45003,9,10,947,15936,9.50369588173,0.627510040161
2017,1,45037,2,2,51,634,39.2156862745,3.15457413249
2017,1,45085,6,7,409,9900,14.6699266504,0.707070707071
2017,1,45057,2,2,878,8668,2.27790432802,0.230733733272
2017,1,45031,2,2,334,4170,5.9880239521,0.479616306954
2017,1,45021,2,2,396,4682,5.05050505051,0.427167876976
2017,1,45047,2,4,386,5361,5.18134715026,0.74612945346
2017,1,45033,1,1,136,1668,7.35294117647,0.599520383693
2017,1,45081,1,2,49,910,20.4081632653,2.1978021978
2017,1,45063,24,39,2651,35029,9.05318747642,1.11336321334
2017,1,45015,3,3,863,12074,3.47624565469,0.248467782011
2017,1,45087,2,3,88,1458,22.7272727273,2.05761316872
2017,1,45079,15,23,3445,37702,4.35413642961,0.610047212349
2017,1,45013,4,4,1245,14646,3.21285140562,0.273112112522
2017,1,45073,2,3,694,3582,2.8818443804,0.837520938023
2017,1,45039,2,4,99,2095,20.202020202,1.90930787589
2017,2,45003,3,3,845,11019,3.55029585799,0.272257010618
2017,2,45051,16,20,3714,49463,4.30802369413,0.404342639953
2017,2,45063,14,30,2427,25725,5.76843840132,1.16618075802
2017,2,45015,4,10,781,8652,5.12163892446,1.15580212668
2017,2,45043,1,1,489,5423,2.04498977505,0.18439977872
2017,2,45091,6,7,1456,13090,4.12087912088,0.534759358289
2017,2,45077,6,6,1413,16016,4.24628450106,0.374625374625
2017,2,45075,6,9,400,7436,15.0,1.21032813341
2017,2,45035,6,6,697,7944,8.60832137733,0.755287009063
2017,2,45083,9,11,1950,32029,4.61538461538,0.343438758625
2017,2,45019,10,11,4404,36654,2.27066303361,0.300103672178
2017,2,45041,6,6,953,12887,6.29590766002,0.465585473733
2017,2,45007,5,6,1134,9062,4.40917107584,0.662105495476
2017,2,45031,2,4,306,3945,6.53594771242,1.01394169835
2017,2,45057,3,3,812,5958,3.69458128079,0.503524672709
2017,2,45045,13,18,3950,39898,3.29113924051,0.451150433606
2017,2,45081,1,1,48,391,20.8333333333,2.55754475703
2017,2,45025,1,1,93,598,10.752688172,1.67224080268
2017,2,45087,1,1,75,818,13.3333333333,1.22249388753
2017,2,45013,1,1,1208,10699,0.827814569536,0.0934666791289
2017,2,45079,13,22,3472,28395,3.74423963134,0.774784293009
2017,2,45037,1,1,54,656,18.5185185185,1.5243902439
2017,2,45085,7,9,400,8573,17.5,1.04980753529
2017,2,45047,1,1,361,5263,2.77008310249,0.190005700171
2017,2,45049,1,1,58,449,17.2413793103,2.2271714922
2017,2,45071,2,2,200,2332,10.0,0.857632933105
2017,3,45013,3,3,1929,12499,1.55520995334,0.240019201536
2017,3,45039,1,1,100,1673,10.0,0.597728631201
2017,3,45087,1,2,103,758,9.70873786408,2.63852242744
2017,3,45035,7,7,745,7453,9.39597315436,0.9392191064
2017,3,45083,12,15,2034,32470,5.89970501475,0.461964890668
2017,3,45045,16,18,4701,46233,3.40353116358,0.389332295114
2017,3,45041,6,6,985,11962,6.09137055838,0.50158836315
2017,3,45019,12,12,5448,44037,2.20264317181,0.272498126575
2017,3,45005,1,1,33,338,30.303030303,2.95857988166
2017,3,45079,13,23,3935,33029,3.30368487929,0.696357746223
2017,3,45031,2,2,352,4067,5.68181818182,0.491762970248
2017,3,45073,1,1,480,2485,2.08333333333,0.402414486922
2017,3,45057,6,7,924,7522,6.49350649351,0.930603562882
2017,3,45047,4,9,394,5567,10.152284264,1.6166696605
2017,3,45037,1,1,64,438,15.625,2.28310502283
2017,3,45075,3,5,452,7698,6.63716814159,0.649519355677
2017,3,45085,3,3,435,9831,6.89655172414,0.305157155935
2017,3,45023,1,1,88,652,11.3636363636,1.53374233129
2017,3,45071,1,1,223,2301,4.48430493274,0.434593654933
2017,3,45015,3,10,892,10862,3.36322869955,0.920640765973
2017,3,45063,13,34,2765,27910,4.70162748644,1.21820136152
2017,3,45091,4,4,1695,15030,2.3598820059,0.266134397871
2017,3,45077,5,9,1478,14279,3.38294993234,0.630296239232
2017,3,45051,20,21,7180,62859,2.78551532033,0.334081038515
2017,3,45003,4,5,978,12720,4.0899795501,0.393081761006
2017,4,45041,2,2,919,10649,2.17627856366,0.187811062072
2017,4,45019,19,22,5361,41456,3.54411490394,0.530683133925
2017,4,45007,5,5,1119,9171,4.46827524576,0.545196816051
2017,4,45055,1,1,373,2985,2.68096514745,0.335008375209
2017,4,45021,1,1,398,2533,2.51256281407,0.394788787998
2017,4,45015,3,4,876,8826,3.42465753425,0.453206435531
2017,4,45063,11,31,2606,26619,4.22102839601,1.16458168977
2017,4,45089,1,1,65,468,15.3846153846,2.13675213675
2017,4,45047,1,2,362,5948,2.76243093923,0.336247478144
2017,4,45083,9,9,1918,27572,4.69238790407,0.326418105324
2017,4,45035,4,4,772,6851,5.18134715026,0.583856371333
2017,4,45003,3,3,967,10582,3.10237849018,0.2835002835
2017,4,45051,23,35,7112,59577,3.23397075366,0.587475032311
2017,4,45077,7,9,1542,15670,4.53955901427,0.574345883854
2017,4,45031,2,2,366,4160,5.46448087432,0.480769230769
2017,4,45057,2,2,869,7307,2.30149597238,0.273710140961
2017,4,45091,6,7,1584,13386,3.78787878788,0.522934409084
2017,4,45071,1,1,234,2335,4.2735042735,0.428265524625
2017,4,45043,1,1,706,9155,1.4164305949,0.109229929001
2017,4,45079,10,12,4100,28853,2.43902439024,0.41590129276
2017,4,45013,4,4,2069,12410,1.93330111165,0.322320709106
2017,4,45045,12,14,3952,37873,3.03643724696,0.369656483511
2017,4,45085,7,7,414,8972,16.9082125604,0.780205082479
2017,4,45001,1,1,77,452,12.987012987,2.21238938053
2017,4,45075,4,4,428,8861,9.34579439252,0.4514163187
2017,5,45007,2,2,1069,8888,1.87090739008,0.22502250225
2017,5,45015,8,10,861,9381,9.29152148664,1.06598443663
2017,5,45063,11,22,2558,26924,4.30023455825,0.817114841777
2017,5,45025,1,1,120,508,8.33333333333,1.96850393701
2017,5,45073,1,1,491,2241,2.0366598778,0.446229361892
2017,5,45049,1,1,55,276,18.1818181818,3.6231884058
2017,5,45023,1,1,104,575,9.61538461538,1.73913043478
2017,5,45057,1,1,865,7559,1.15606936416,0.1322926313
2017,5,45031,1,1,337,3477,2.96735905045,0.287604256543
2017,5,45071,1,3,192,2541,5.20833333333,1.18063754427
2017,5,45011,1,2,59,1084,16.9491525424,1.84501845018
2017,5,45037,1,3,72,802,13.8888888889,3.74064837905
2017,5,45085,4,5,403,6856,9.92555831266,0.729288214702
2017,5,45045,16,28,4056,42770,3.94477317554,0.654664484452
2017,5,45079,11,12,4025,31658,2.73291925466,0.379051108724
2017,5,45019,8,9,4935,40044,1.6210739615,0.224752771951
2017,5,45041,3,3,859,11092,3.4924330617,0.270465200144
2017,5,45001,1,1,73,464,13.698630137,2.15517241379
2017,5,45075,2,3,367,4511,5.44959128065,0.665041010862
2017,5,45021,1,1,357,1971,2.80112044818,0.50735667174
2017,5,45047,2,2,345,3790,5.79710144928,0.527704485488
2017,5,45013,5,6,1836,10951,2.72331154684,0.547895169391
2017,5,45039,1,1,94,1045,10.6382978723,0.956937799043
2017,5,45087,1,1,86,1161,11.6279069767,0.861326442722
2017,5,45029,1,2,143,1419,6.99300699301,1.40944326991
2017,5,45035,3,3,731,6951,4.10396716826,0.431592576608
2017,5,45091,6,6,1538,10949,3.90117035111,0.547995250708
2017,5,45043,2,2,696,7780,2.87356321839,0.25706940874
2017,5,45083,10,10,1893,26018,5.28262017961,0.384349296641
2017,5,45077,5,6,1134,8081,4.40917107584,0.742482366044
2017,5,45051,23,23,6070,48672,3.78912685338,0.47255095332
2017,5,45003,3,5,898,10288,3.34075723831,0.48600311042
2017,6,45059,1,1,202,1513,4.9504950495,0.660938532716
2017,6,45067,2,2,97,1582,20.618556701,1.26422250316
2017,6,45041,4,7,953,12016,4.19727177335,0.582556591212
2017,6,45019,13,14,5051,40595,2.57374777272,0.344870057889
2017,6,45083,7,7,1799,24141,3.89105058366,0.289963133259
2017,6,45035,7,8,776,7649,9.0206185567,1.04588835142
2017,6,45043,2,2,882,8122,2.26757369615,0.246244767299
2017,6,45091,4,9,1531,10198,2.61267145656,0.882525985487
2017,6,45015,6,12,886,8523,6.77200902935,1.40795494544
2017,6,45063,12,15,2613,25903,4.59242250287,0.579083503841
2017,6,45089,1,1,79,931,12.6582278481,1.07411385607
2017,6,45055,1,1,283,2822,3.53356890459,0.354358610914
2017,6,45007,5,8,1083,9178,4.61680517082,0.871649596862
2017,6,45045,18,22,3901,40328,4.6142014868,0.545526681214
2017,6,45079,13,14,3671,30061,3.54126940888,0.46571970327
2017,6,45047,1,1,288,3199,3.47222222222,0.312597686777
2017,6,45087,1,1,79,1339,12.6582278481,0.746825989544
2017,6,45013,8,8,2617,14370,3.05693542224,0.556715379262
2017,6,45049,1,1,46,413,21.7391304348,2.42130750605
2017,6,45077,2,2,1091,7293,1.83318056829,0.274235568353
2017,6,45051,25,36,9952,69187,2.51205787781,0.520328963534
2017,6,45029,1,1,128,1125,7.8125,0.888888888889
2017,6,45003,5,6,867,8944,5.76701268743,0.67084078712
2017,6,45085,2,2,424,7378,4.71698113208,0.271076172404
2017,6,45011,1,2,49,1195,20.4081632653,1.67364016736
2017,6,45071,2,3,177,2082,11.2994350282,1.4409221902
2017,6,45057,1,1,942,6945,1.06157112527,0.143988480922
2017,7,45007,7,9,1135,11049,6.16740088106,0.814553353245
2017,7,45055,5,6,298,3021,16.7785234899,1.98609731877
2017,7,45043,5,6,1189,9778,4.20521446594,0.613622417672
2017,7,45091,2,2,1694,10832,1.18063754427,0.184638109306
2017,7,45079,10,10,3769,30002,2.65322366676,0.333311112592
2017,7,45053,1,1,242,652,4.13223140496,1.53374233129
2017,7,45049,1,1,52,391,19.2307692308,2.55754475703
2017,7,45015,7,14,977,10374,7.164790174,1.34952766532
2017,7,45063,8,11,2704,26877,2.95857988166,0.40927186814
2017,7,45057,6,8,957,6664,6.26959247649,1.20048019208
2017,7,45073,1,5,498,2570,2.00803212851,1.94552529183
2017,7,45017,1,1,25,166,40.0,6.02409638554
2017,7,45045,11,13,4129,43491,2.66408331315,0.298912418661
2017,7,45083,9,15,2191,29257,4.10771337289,0.512697815907
2017,7,45035,7,9,819,8224,8.54700854701,1.09435797665
2017,7,45021,1,1,375,2521,2.66666666667,0.396667988893
2017,7,45047,2,7,306,3945,6.53594771242,1.77439797212
2017,7,45003,7,10,1046,10796,6.69216061185,0.926268988514
2017,7,45051,44,51,11442,77123,3.84548155917,0.661281329824
2017,7,45077,2,2,1027,7118,1.94741966894,0.280977802754
2017,7,45085,2,2,451,6904,4.43458980044,0.289687137891
2017,7,45087,3,3,97,1238,30.9278350515,2.42326332795
2017,7,45075,3,5,330,2990,9.09090909091,1.67224080268
2017,7,45013,10,10,3251,17326,3.07597662258,0.577167263073
2017,7,45019,13,15,5863,45520,2.21729490022,0.329525483304
2017,7,45041,5,6,1054,14112,4.74383301708,0.425170068027
2017,8,45057,1,1,903,6746,1.10741971207,0.148235991699
2017,8,45031,1,1,386,3898,2.59067357513,0.256541816316
2017,8,45077,5,7,1575,10824,3.1746031746,0.646711012565
2017,8,45051,41,48,8139,62660,5.03747389114,0.766038940313
2017,8,45015,8,17,972,11012,8.2304526749,1.54377043226
2017,8,45071,1,1,277,2919,3.61010830325,0.342583076396
2017,8,45007,4,5,1313,11294,3.046458492,0.442712944927
2017,8,45055,1,1,301,3308,3.32225913621,0.302297460701
2017,8,45063,9,9,2891,26700,3.11310965064,0.337078651685
2017,8,45043,1,1,1006,8207,0.994035785288,0.121847203607
2017,8,45091,7,7,1665,10837,4.2042042042,0.645935221925
2017,8,45045,12,14,4343,42536,2.76306700437,0.32913296972
2017,8,45079,10,13,4539,32025,2.20312844239,0.405932864949
2017,8,45005,1,1,31,774,32.2580645161,1.29198966408
2017,8,45047,2,2,433,4151,4.61893764434,0.48181161166
2017,8,45013,6,6,2257,13736,2.65839610102,0.436808386721
2017,8,45075,2,2,543,6733,3.6832412523,0.297044408139
2017,8,45019,10,15,5410,45106,1.84842883549,0.332549993349
2017,8,45041,6,7,1003,12904,5.98205383848,0.542467451953
2017,8,45073,2,10,525,2541,3.80952380952,3.93545848091
2017,8,45025,1,1,107,474,9.34579439252,2.10970464135
2017,8,45083,9,9,2072,29631,4.34362934363,0.303735952212
2017,8,45035,7,9,835,9029,8.38323353293,0.996788127146
2017,8,45037,1,1,66,380,15.1515151515,2.63157894737
2017,8,45085,7,7,502,6668,13.9442231076,1.04979004199
2017,9,45075,3,4,481,7862,6.23700623701,0.508776392775
2017,9,45071,2,2,238,3375,8.40336134454,0.592592592593
2017,9,45059,1,1,235,2102,4.25531914894,0.475737392959
2017,9,45047,2,2,353,3314,5.6657223796,0.60350030175
2017,9,45021,1,1,386,3305,2.59067357513,0.302571860817
2017,9,45041,5,7,939,11848,5.32481363152,0.59081701553
2017,9,45019,16,16,4298,40803,3.72266170312,0.392128029802
2017,9,45067,2,2,89,1130,22.4719101124,1.76991150442
2017,9,45007,4,4,1173,11246,3.41005967604,0.355682020274
2017,9,45045,14,18,4002,41756,3.49825087456,0.431075773542
2017,9,45013,2,3,1324,9602,1.51057401813,0.312434909394
2017,9,45079,7,10,4150,26870,1.68674698795,0.372162262747
2017,9,45035,6,11,748,9056,8.02139037433,1.21466431095
2017,9,45083,7,7,2011,30670,3.48085529587,0.228236061298
2017,9,45015,6,12,871,8841,6.88863375431,1.35731252121
2017,9,45063,8,12,2668,27916,2.99850074963,0.429861011606
2017,9,45051,12,13,4597,48078,2.61039808571,0.270393943176
2017,9,45077,2,3,2046,18006,0.977517106549,0.166611129623
2017,9,45091,2,2,1508,11531,1.32625994695,0.173445494753
2017,9,45085,4,5,464,7298,8.62068965517,0.685119210743
2017,9,45057,1,1,894,6099,1.11856823266,0.163961305132
2017,9,45031,2,2,661,5143,3.02571860817,0.38887808672
2017,9,45009,1,1,59,542,16.9491525424,1.84501845018
2017,10,45047,3,5,357,3882,8.40336134454,1.28799587841
2017,10,45007,5,8,1175,11131,4.25531914894,0.71871350283
2017,10,45021,2,2,368,3241,5.4347826087,0.617093489664
2017,10,45003,5,5,903,9028,5.53709856035,0.553832521046
2017,10,45083,7,12,2085,28646,3.35731414868,0.418906653634
2017,10,45035,4,5,731,8778,5.47195622435,0.569605832764
2017,10,45091,4,4,1491,11222,2.68276324614,0.356442701836
2017,10,45077,4,6,1677,17800,2.38521168754,0.337078651685
2017,10,45051,22,24,4054,49571,5.42673902319,0.484154041678
2017,10,45043,2,2,532,5017,3.75939849624,0.398644608332
2017,10,45023,1,1,78,485,12.8205128205,2.0618556701
2017,10,45049,1,1,38,180,26.3157894737,5.55555555556
2017,10,45071,1,1,253,3030,3.95256916996,0.3300330033
2017,10,45013,2,3,1336,9137,1.49700598802,0.328335339827
2017,10,45031,3,3,345,2950,8.69565217391,1.01694915254
2017,10,45057,2,2,912,6348,2.19298245614,0.315059861374
2017,10,45045,19,23,4015,41085,4.73225404732,0.559815017646
2017,10,45085,10,14,462,8619,21.645021645,1.6243183664
2017,10,45075,1,1,540,8937,1.85185185185,0.111894371713
2017,10,45019,17,18,4326,40486,3.9297272307,0.444598132688
2017,10,45041,5,10,845,10514,5.91715976331,0.951112801978
2017,10,45059,1,1,231,1736,4.329004329,0.576036866359
2017,10,45079,12,17,4318,28711,2.77906438166,0.592107554596
2017,10,45089,1,1,88,570,11.3636363636,1.75438596491
2017,10,45063,11,31,2687,30616,4.09378489021,1.01254246146
2017,10,45015,4,6,929,7997,4.3057050592,0.750281355508
2017,11,45079,9,9,4257,27225,2.11416490486,0.330578512397
2017,11,45091,4,5,1476,12704,2.71002710027,0.393576826196
2017,11,45043,1,1,542,5058,1.84501845018,0.197706603401
2017,11,45003,3,4,942,7992,3.1847133758,0.500500500501
2017,11,45029,1,1,111,875,9.00900900901,1.14285714286
2017,11,45051,22,41,3851,44100,5.71280186964,0.92970521542
2017,11,45077,4,4,1760,15405,2.27272727273,0.259655955858
2017,11,45013,4,5,1396,9424,2.86532951289,0.530560271647
2017,11,45045,15,21,4214,40642,3.55956336023,0.516706854978
2017,11,45085,3,3,478,7752,6.27615062762,0.386996904025
2017,11,45041,8,14,886,10201,9.02934537246,1.37241446917
2017,11,45019,10,10,4195,39200,2.38379022646,0.255102040816
2017,11,45007,6,7,1194,10730,5.02512562814,0.652376514445
2017,11,45015,3,3,894,7548,3.35570469799,0.397456279809
2017,11,45063,9,10,2671,27394,3.36952452265,0.365043440169
2017,11,45047,1,3,356,3483,2.80898876404,0.861326442722
2017,11,45083,7,10,2092,29081,3.34608030593,0.343867129741
2017,11,45021,2,2,380,2867,5.26315789474,0.697593303104
2017,11,45035,7,10,761,7476,9.19842312746,1.33761369716
2017,11,45075,2,2,453,8152,4.41501103753,0.245338567223
2017,11,45031,1,1,344,3450,2.90697674419,0.289855072464
2017,11,45071,3,4,233,2634,12.8755364807,1.51860288535
2017,11,45057,3,3,844,6290,3.55450236967,0.476947535771
2017,12,45055,1,1,265,2395,3.77358490566,0.417536534447
2017,12,45007,5,5,1090,9880,4.5871559633,0.506072874494
2017,12,45013,6,7,1280,9078,4.6875,0.771094954836
2017,12,45021,1,1,379,2285,2.63852242744,0.437636761488
2017,12,45047,2,3,311,2599,6.4308681672,1.15429011158
2017,12,45071,2,3,193,2145,10.3626943005,1.3986013986
2017,12,45057,2,2,957,7129,2.08986415883,0.280544255856
2017,12,45031,3,4,324,3169,9.25925925926,1.26222783212
2017,12,45015,4,8,943,9242,4.24178154825,0.865613503571
2017,12,45063,13,14,2573,27333,5.05246793626,0.512201368309
2017,12,45003,3,3,881,9203,3.40522133939,0.325980658481
2017,12,45051,12,15,3659,38843,3.27958458595,0.386169966274
2017,12,45077,8,8,1301,10274,6.14911606457,0.778664590228
2017,12,45091,2,2,1521,13164,1.31492439185,0.15192950471
2017,12,45033,1,1,140,622,7.14285714286,1.6077170418
2017,12,45019,17,18,4035,38209,4.21313506815,0.471093197938
2017,12,45041,7,7,946,10684,7.39957716702,0.655185323849
2017,12,45075,5,7,349,4635,14.3266475645,1.51024811219
2017,12,45083,8,12,2074,30332,3.85728061716,0.395621785573
2017,12,45035,2,2,758,6848,2.63852242744,0.292056074766
2017,12,45085,1,1,439,5863,2.27790432802,0.170561146171
2017,12,45073,1,1,470,2447,2.12765957447,0.4086636698
2017,12,45025,1,3,104,518,9.61538461538,5.79150579151
2017,12,45045,19,19,4044,42525,4.69831849654,0.446796002352
2017,12,45053,1,2,176,518,5.68181818182,3.861003861
2017,12,45079,6,11,3755,27975,1.59786950732,0.393208221626
2018,1,45071,1,1,191,2998,5.23560209424,0.333555703803
2018,1,45085,4,4,437,7947,9.1533180778,0.50333459167
2018,1,45021,2,2,304,2056,6.57894736842,0.972762645914
2018,1,45047,1,4,288,3248,3.47222222222,1.2315270936
2018,1,45025,1,1,89,405,11.2359550562,2.46913580247
2018,1,45057,4,4,790,7314,5.06329113924,0.546896363139
2018,1,45031,1,3,306,3938,3.26797385621,0.761808024378
2018,1,45001,1,1,54,411,18.5185185185,2.43309002433
2018,1,45041,4,6,877,11700,4.56100342075,0.512820512821
2018,1,45019,21,28,4046,42455,5.19031141869,0.659521846661
2018,1,45075,4,4,401,5640,9.97506234414,0.709219858156
2018,1,45027,1,1,80,467,12.5,2.14132762313
2018,1,45039,1,1,74,633,13.5135135135,1.57977883096
2018,1,45013,3,3,1096,9418,2.73722627737,0.318538967934
2018,1,45077,5,5,1360,14168,3.67647058824,0.352907961604
2018,1,45051,24,30,3164,45937,7.58533501896,0.653068332717
2018,1,45003,3,4,824,10694,3.64077669903,0.374041518609
2018,1,45089,1,1,63,312,15.873015873,3.20512820513
2018,1,45015,5,5,933,11026,5.359056806,0.453473607836
2018,1,45063,12,18,2377,28640,5.04838031132,0.628491620112
2018,1,45079,7,8,3408,27954,2.05399061033,0.286184445875
2018,1,45045,23,31,3716,52706,6.1894510226,0.588168329981
2018,1,45083,8,9,1857,34374,4.30802369413,0.261825798569
2018,1,45035,6,9,777,8966,7.72200772201,1.0037921035
2018,1,45043,1,2,418,5803,2.39234449761,0.344649319318
2018,1,45091,7,7,1391,14785,5.03235082674,0.473452823808
2018,1,45007,5,5,999,10684,5.00500500501,0.467989517035
2018,2,45045,14,24,3553,43207,3.94033211371,0.555465549564
2018,2,45057,6,6,755,6205,7.94701986755,0.966962127317
2018,2,45085,1,1,411,7714,2.43309002433,0.129634430905
2018,2,45013,4,5,1078,9248,3.71057513915,0.540657439446
2018,2,45075,3,3,423,7704,7.09219858156,0.389408099688
2018,2,45015,6,7,814,8963,7.37100737101,0.780988508312
2018,2,45021,1,1,274,1645,3.6496350365,0.607902735562
2018,2,45063,10,29,2267,25592,4.41111601235,1.13316661457
2018,2,45055,1,1,241,2209,4.14937759336,0.452693526483
2018,2,45007,1,1,1020,8180,0.980392156863,0.122249388753
2018,2,45035,2,2,665,6718,3.00751879699,0.297707651087
2018,2,45083,8,8,1821,29293,4.39319055464,0.273102789062
2018,2,45043,1,1,398,4534,2.51256281407,0.220555800618
2018,2,45091,8,8,1264,12315,6.32911392405,0.649614291514
2018,2,45041,3,4,804,9841,3.73134328358,0.40646275785
2018,2,45003,2,2,758,9216,2.63852242744,0.217013888889
2018,2,45051,17,22,3231,41654,5.26152893841,0.52816056081
2018,2,45077,1,1,1328,13201,0.753012048193,0.075751836982
2018,2,45019,11,12,3834,34850,2.86906624935,0.344332855093
2018,2,45079,14,18,3350,24940,4.17910447761,0.721732157177
2018,3,45043,2,2,591,5513,3.38409475465,0.362778886269
2018,3,45091,8,8,1485,12385,5.38720538721,0.645942672588
2018,3,45001,1,1,54,343,18.5185185185,2.91545189504
2018,3,45075,6,8,464,11634,12.9310344828,0.687639676809
2018,3,45083,9,10,1953,25615,4.60829493088,0.390396252196
2018,3,45035,6,9,767,7484,7.82268578879,1.20256547301
2018,3,45071,1,1,211,2711,4.73933649289,0.36886757654
2018,3,45063,10,36,2603,29501,3.84172109105,1.22029761703
2018,3,45015,3,3,916,8940,3.27510917031,0.335570469799
2018,3,45055,1,1,319,2589,3.13479623824,0.386249517188
2018,3,45007,5,7,1119,9378,4.46827524576,0.746427809768
2018,3,45087,1,10,78,1503,12.8205128205,6.65335994677
2018,3,45013,6,6,1633,11117,3.67421922841,0.539713951606
2018,3,45021,1,1,321,1883,3.11526479751,0.531067445566
2018,3,45047,1,1,291,2352,3.43642611684,0.425170068027
2018,3,45003,4,5,893,11220,4.47928331467,0.445632798574
2018,3,45051,28,30,6055,56567,4.62427745665,0.530344547174
2018,3,45077,5,5,1318,11782,3.79362670713,0.424376167034
2018,3,45057,4,4,830,7079,4.81927710843,0.565051560955
2018,3,45067,1,1,86,1413,11.6279069767,0.70771408351
2018,3,45041,7,9,952,12500,7.35294117647,0.72
2018,3,45019,18,19,4832,43305,3.72516556291,0.438748412424
2018,3,45045,16,25,4263,51273,3.7532254281,0.487586058939
2018,3,45079,9,12,3846,29613,2.34009360374,0.405227433897
2018,3,45085,1,1,440,7202,2.27272727273,0.138850319356
2018,3,45073,1,1,426,2638,2.34741784038,0.379075056861
2018,4,45015,4,7,896,8482,4.46428571429,0.825277057298
2018,4,45071,2,5,197,2027,10.152284264,2.46669955599
2018,4,45063,12,14,2472,25698,4.85436893204,0.54478947778
2018,4,45085,2,2,397,6293,5.03778337531,0.317813443509
2018,4,45077,6,7,1400,11787,4.28571428571,0.593874607619
2018,4,45051,26,33,5255,50105,4.94766888677,0.658616904501
2018,4,45003,5,13,957,10488,5.22466039707,1.23951182304
2018,4,45045,20,24,3961,46392,5.04922999243,0.517330574237
2018,4,45059,1,1,206,1161,4.85436893204,0.861326442722
2018,4,45007,4,4,1061,7822,3.77002827521,0.511378164152
2018,4,45079,13,15,3727,27757,3.48806010196,0.540404222358
2018,4,45087,2,2,64,1194,31.25,1.67504187605
2018,4,45013,2,2,1662,11445,1.20336943442,0.174748798602
2018,4,45075,4,4,494,11585,8.0971659919,0.345274061286
2018,4,45083,7,25,1894,28847,3.69588173178,0.86664124519
2018,4,45091,2,2,1376,9765,1.45348837209,0.204813108039
2018,4,45035,4,5,739,7481,5.41271989175,0.668359844941
2018,4,45043,1,1,582,4685,1.71821305842,0.213447171825
2018,4,45019,20,24,4536,40521,4.40917107584,0.592285481602
2018,4,45041,10,13,863,11574,11.5874855156,1.12320718853
2018,4,45067,1,1,76,1237,13.1578947368,0.808407437348
2018,4,45047,2,2,328,2811,6.09756097561,0.71149057275
2018,4,45021,3,8,330,3213,9.09090909091,2.48988484283
2018,4,45057,2,2,887,7115,2.25479143179,0.281096275474
2018,4,45031,1,1,327,4038,3.05810397554,0.247647350173
2018,5,45011,2,3,48,822,41.6666666667,3.6496350365
2018,5,45021,1,1,331,1881,3.02114803625,0.531632110579
2018,5,45085,2,2,369,4576,5.42005420054,0.437062937063
2018,5,45045,17,22,3742,49064,4.54302512026,0.448393934453
2018,5,45007,2,2,976,9399,2.04918032787,0.212788594531
2018,5,45055,1,1,248,2321,4.03225806452,0.430848772081
2018,5,45079,12,14,3220,30001,3.72670807453,0.46665111163
2018,5,45013,3,3,1571,11163,1.90961171229,0.268744961032
2018,5,45087,1,1,72,843,13.8888888889,1.1862396204
2018,5,45075,1,1,380,6366,2.63157894737,0.157084511467
2018,5,45083,10,11,1772,24448,5.64334085779,0.449934554974
2018,5,45035,5,9,694,7767,7.20461095101,1.15874855156
2018,5,45067,1,1,81,1728,12.3456790123,0.578703703704
2018,5,45041,6,7,784,12792,7.65306122449,0.547217010632
2018,5,45019,17,18,4092,42059,4.15444770283,0.427970232293
2018,5,45071,2,2,133,1223,15.037593985,1.63532297629
2018,5,45049,1,1,48,688,20.8333333333,1.45348837209
2018,5,45009,1,1,31,165,32.2580645161,6.06060606061
2018,5,45031,3,3,307,4125,9.77198697068,0.727272727273
2018,5,45057,3,3,922,7783,3.25379609544,0.385455479892
2018,5,45003,4,7,864,12194,4.62962962963,0.574052812859
2018,5,45051,19,23,4757,49836,3.99411393736,0.46151376515
2018,5,45043,1,2,513,6879,1.94931773879,0.29073993313
2018,5,45069,1,2,70,455,14.2857142857,4.3956043956
2018,5,45091,6,7,1322,9855,4.53857791225,0.710299340436
2018,5,45063,7,13,2450,28896,2.85714285714,0.449889258029
2018,5,45015,2,2,869,9864,2.30149597238,0.202757502028
2018,5,45029,1,1,104,581,9.61538461538,1.72117039587
2018,5,45077,3,3,1103,8062,2.71985494107,0.372116100223
2018,5,45033,1,1,101,1087,9.90099009901,0.919963201472
2018,5,45059,1,1,173,1099,5.78034682081,0.90991810737
2018,6,45007,4,7,983,7617,4.06917599186,0.918996980438
2018,6,45063,18,38,2560,28561,7.03125,1.33048562725
2018,6,45015,6,6,885,8634,6.77966101695,0.694927032662
2018,6,45031,4,5,283,3435,14.1342756184,1.45560407569
2018,6,45057,2,2,941,8399,2.12539851222,0.238123586141
2018,6,45045,25,36,3907,49552,6.39877143588,0.726509525347
2018,6,45075,2,2,298,4400,6.71140939597,0.454545454545
2018,6,45085,2,2,393,4434,5.08905852417,0.451059990979
2018,6,45037,1,1,56,1505,17.8571428571,0.664451827243
2018,6,45035,6,7,746,8349,8.04289544236,0.838423763325
2018,6,45083,6,7,1802,21486,3.32963374029,0.32579353998
2018,6,45077,2,2,982,7290,2.0366598778,0.274348422497
2018,6,45051,22,25,8165,62713,2.69442743417,0.398641430007
2018,6,45003,7,8,844,11158,8.29383886256,0.716974368166
2018,6,45091,5,5,1411,9562,3.54358610914,0.522903158335
2018,6,45043,6,6,789,7412,7.60456273764,0.809498111171
2018,6,45079,11,21,3320,28106,3.31325301205,0.747171422472
2018,6,45053,1,1,184,597,5.4347826087,1.67504187605
2018,6,45067,1,3,81,1137,12.3456790123,2.63852242744
2018,6,45041,4,4,887,12628,4.50958286359,0.316756414317
2018,6,45019,15,16,4648,45119,3.22719449225,0.354617788515
2018,6,45013,4,5,2421,14523,1.65220983065,0.344281484542
2018,6,45087,1,1,69,1122,14.4927536232,0.891265597148
2018,6,45047,2,3,272,2537,7.35294117647,1.18249901458
2018,6,45021,1,1,263,1661,3.80228136882,0.602046959663
2018,7,45037,3,4,64,1287,46.875,3.108003108
2018,7,45011,1,1,44,625,22.7272727273,1.6
2018,7,45085,1,1,391,4569,2.55754475703,0.218866272707
2018,7,45035,4,5,759,8668,5.27009222661,0.57683433318
2018,7,45083,9,13,1782,20641,5.05050505051,0.629814446974
2018,7,45013,13,16,2736,16384,4.7514619883,0.9765625
2018,7,45045,32,42,3762,46926,8.50611376927,0.895026211482
2018,7,45087,1,1,81,1139,12.3456790123,0.877963125549
2018,7,45079,9,13,3267,26994,2.75482093664,0.481588501148
2018,7,45047,4,5,269,3520,14.8698884758,1.42045454545
2018,7,45089,1,1,59,323,16.9491525424,3.0959752322
2018,7,45063,17,29,2436,27584,6.97865353038,1.05133410673
2018,7,45015,2,5,884,8696,2.26244343891,0.57497700092
2018,7,45055,3,3,259,2091,11.583011583,1.43472022956
2018,7,45007,3,3,1026,8133,2.92397660819,0.36886757654
2018,7,45075,1,1,276,4807,3.6231884058,0.208029956314
2018,7,45003,6,9,961,12421,6.24349635796,0.724579341438
2018,7,45051,36,45,9098,62264,3.95691360739,0.722729024798
2018,7,45077,2,2,990,7889,2.0202020202,0.253517556091
2018,7,45019,22,31,5164,47937,4.26026336174,0.646682103594
2018,7,45067,1,1,83,1366,12.0481927711,0.732064421669
2018,7,45041,7,7,851,12203,8.22561692127,0.573629435385
2018,7,45009,1,1,33,268,30.303030303,3.73134328358
2018,7,45057,2,2,1007,7353,1.98609731877,0.271997824017
2018,7,45091,5,5,1429,8968,3.49895031491,0.557537912578
2018,7,45043,3,3,930,7785,3.22580645161,0.385356454721
2018,8,45047,1,4,322,2500,3.10559006211,1.6
2018,8,45059,1,1,193,999,5.18134715026,1.001001001
2018,8,45087,1,1,74,1598,13.5135135135,0.625782227785
2018,8,45013,5,6,2009,12956,2.48880039821,0.463105896882
2018,8,45053,1,1,200,619,5.0,1.6155088853
2018,8,45011,1,1,41,338,24.3902439024,2.95857988166
2018,8,45037,1,1,52,1334,19.2307692308,0.749625187406
2018,8,45085,4,4,391,5356,10.2301790281,0.746825989544
2018,8,45045,26,39,3763,47288,6.90938081318,0.824733547623
2018,8,45079,9,25,3577,26607,2.51607492312,0.939602360281
2018,8,45025,1,1,93,268,10.752688172,3.73134328358
2018,8,45073,2,3,387,2607,5.16795865633,1.15074798619
2018,8,45027,1,1,70,310,14.2857142857,3.22580645161
2018,8,45075,5,5,473,6319,10.5708245243,0.791264440576
2018,8,45015,3,4,859,7806,3.4924330617,0.512426338714
2018,8,45063,12,27,2484,26680,4.8309178744,1.011994003
2018,8,45083,9,17,1831,21980,4.91534680502,0.773430391265
2018,8,45043,3,3,723,6004,4.14937759336,0.499666888741
2018,8,45003,4,5,867,10975,4.61361014994,0.455580865604
2018,8,45051,24,27,6332,48011,3.79027163613,0.562371123284
2018,8,45077,8,9,1217,9839,6.57354149548,0.914727106413
2018,8,45091,7,7,1455,10565,4.81099656357,0.662565073355
2018,8,45035,3,3,749,7362,4.00534045394,0.40749796251
2018,8,45057,4,4,932,7771,4.29184549356,0.514734268434
2018,8,45031,3,3,394,3505,7.61421319797,0.855920114123
2018,8,45007,2,2,1024,7858,1.953125,0.254517688979
2018,8,45019,20,23,4625,45290,4.32432432432,0.507838374917
2018,8,45041,2,2,874,12392,2.28832951945,0.161394448031
2018,9,45031,2,2,637,5200,3.13971742543,0.384615384615
2018,9,45057,1,1,927,8494,1.07874865156,0.117730162468
2018,9,45079,17,24,3540,29375,4.80225988701,0.817021276596
2018,9,45015,6,7,833,9153,7.20288115246,0.764776575986
2018,9,45063,14,28,2457,30057,5.69800569801,0.931563362944
2018,9,45085,4,6,397,6502,10.0755667506,0.922792986773
2018,9,45011,1,1,39,322,25.641025641,3.10559006211
2018,9,45003,5,7,849,8568,5.88928150766,0.816993464052
2018,9,45051,20,23,3797,38712,5.26731630234,0.594131018806
2018,9,45077,3,3,1774,15893,1.69109357384,0.188762348204
2018,9,45035,2,3,661,8068,3.02571860817,0.371839365394
2018,9,45083,16,26,1819,31756,8.7960417812,0.818742914725
2018,9,45075,6,6,439,8749,13.6674259681,0.685792662019
2018,9,45091,8,9,1392,11577,5.74712643678,0.777403472402
2018,9,45007,5,5,1027,9178,4.86854917235,0.544780998039
2018,9,45045,25,35,3680,47533,6.79347826087,0.736330549303
2018,9,45033,1,1,101,1003,9.90099009901,0.997008973081
2018,9,45019,20,23,3987,44181,5.0163029847,0.520585772165
2018,9,45041,3,3,879,13915,3.41296928328,0.215594681998
2018,9,45073,1,1,414,2869,2.4154589372,0.348553502963
2018,9,45067,1,1,83,1654,12.0481927711,0.604594921403
2018,9,45059,1,1,204,1476,4.90196078431,0.677506775068
2018,9,45047,1,1,326,4400,3.06748466258,0.227272727273
2018,9,45013,2,4,1247,9576,1.60384923817,0.417710944027
2018,10,45085,6,21,393,6659,15.2671755725,3.15362667067
2018,10,45011,1,1,44,673,22.7272727273,1.48588410104
2018,10,45077,6,6,1618,14865,3.70828182942,0.403632694248
2018,10,45029,2,3,112,815,17.8571428571,3.68098159509
2018,10,45051,27,36,3395,43321,7.9528718704,0.83100574779
2018,10,45003,6,8,824,7940,7.28155339806,1.00755667506
2018,10,45025,1,1,84,574,11.9047619048,1.74216027875
2018,10,45033,1,1,121,1120,8.26446280992,0.892857142857
2018,10,45073,2,2,397,2815,5.03778337531,0.710479573712
2018,10,45079,10,21,3753,29990,2.66453503864,0.700233411137
2018,10,45047,4,4,313,5652,12.7795527157,0.70771408351
2018,10,45043,1,1,478,5260,2.09205020921,0.190114068441
2018,10,45069,1,1,71,853,14.0845070423,1.17233294256
2018,10,45091,4,7,1427,11316,2.80308339173,0.618593142453
2018,10,45001,1,1,47,251,21.2765957447,3.98406374502
2018,10,45075,3,3,536,11957,5.59701492537,0.250899054947
2018,10,45067,3,4,75,1957,40.0,2.04394481349
2018,10,45041,4,4,843,14372,4.74495848161,0.278318953521
2018,10,45019,16,18,4051,42236,3.94964206369,0.42617672128
2018,10,45013,4,4,1246,10328,3.21027287319,0.387296669249
2018,10,45057,3,3,874,7740,3.43249427918,0.387596899225
2018,10,45063,10,24,2536,31211,3.94321766562,0.768959661658
2018,10,45015,4,4,865,9176,4.62427745665,0.435919790759
2018,10,45007,4,6,1053,9706,3.79867046534,0.61817432516
2018,10,45083,21,35,1790,31478,11.7318435754,1.11188766758
2018,10,45035,3,3,684,7464,4.38596491228,0.40192926045
2018,10,45045,17,23,3818,46823,4.45259298062,0.491211584051
2018,11,45083,14,31,1802,29105,7.76914539401,1.06510908779
2018,11,45035,6,7,740,8546,8.10810810811,0.819096653405
2018,11,45059,1,1,198,1455,5.05050505051,0.687285223368
2018,11,45043,2,4,478,5591,4.18410041841,0.715435521374
2018,11,45091,4,4,1423,10463,2.81096275474,0.382299531683
2018,11,45019,15,16,3913,37507,3.8333759264,0.426587037086
2018,11,45041,4,7,811,12149,4.93218249075,0.576179109392
2018,11,45075,2,2,502,11699,3.98406374502,0.17095478246
2018,11,45015,10,10,897,8709,11.1482720178,1.14823745551
2018,11,45055,2,2,232,2844,8.62068965517,0.70323488045
2018,11,45007,5,10,1060,9832,4.71698113208,1.01708706265
2018,11,45063,6,8,2426,30628,2.47320692498,0.261198902965
2018,11,45085,4,4,407,5315,9.82800982801,0.752587017874
2018,11,45045,18,19,3936,42123,4.57317073171,0.451059990979
2018,11,45003,4,6,819,8844,4.884004884,0.67842605156
2018,11,45029,1,1,124,950,8.06451612903,1.05263157895
2018,11,45051,14,16,3467,39608,4.03807326219,0.403958796203
2018,11,45077,4,4,1785,14124,2.24089635854,0.283205890683
2018,11,45017,1,1,21,66,47.619047619,15.1515151515
2018,11,45057,1,1,863,6186,1.15874855156,0.161655350792
2018,11,45005,1,1,21,139,47.619047619,7.19424460432
2018,11,45013,2,3,1254,9703,1.59489633174,0.309182726992
2018,11,45079,10,16,3444,25735,2.90360046458,0.621721391102
2018,11,45047,3,4,305,5102,9.83606557377,0.78400627205
2018,12,45003,5,8,805,8386,6.21118012422,0.953970903887
2018,12,45051,24,26,2994,32839,8.01603206413,0.791741526843
2018,12,45077,4,4,1105,8735,3.61990950226,0.457927876359
2018,12,45043,3,3,514,5462,5.83657587549,0.549249359209
2018,12,45091,7,7,1342,10670,5.21609538003,0.656044985942
2018,12,45011,2,5,41,979,48.7804878049,5.10725229826
2018,12,45085,5,5,370,4900,13.5135135135,1.02040816327
2018,12,45013,9,10,1203,9584,7.4812967581,1.04340567613
2018,12,45045,24,28,3734,41501,6.42742367434,0.67468253777
2018,12,45079,16,26,3366,27489,4.75341651812,0.945832878606
2018,12,45053,1,1,175,340,5.71428571429,2.94117647059
2018,12,45033,1,2,122,1458,8.19672131148,1.37174211248
2018,12,45059,2,7,153,1268,13.0718954248,5.52050473186
2018,12,45073,1,1,328,2238,3.0487804878,0.446827524576
2018,12,45015,2,4,861,8961,2.32288037166,0.446378752371
2018,12,45063,14,23,3059,26921,4.5766590389,0.854351621411
2018,12,45089,1,1,67,454,14.9253731343,2.20264317181
2018,12,45025,1,1,88,630,11.3636363636,1.5873015873
2018,12,45071,1,2,147,1025,6.80272108844,1.9512195122
2018,12,45031,1,1,266,1619,3.75939849624,0.617665225448
2018,12,45057,5,5,920,7657,5.4347826087,0.652997257412
2018,12,45019,18,25,3713,35388,4.84783194183,0.706454165254
2018,12,45067,1,1,67,451,14.9253731343,2.21729490022
2018,12,45041,5,11,864,10822,5.78703703704,1.01644797634
2018,12,45047,2,3,289,6288,6.92041522491,0.477099236641
2018,12,45021,2,2,277,1451,7.2202166065,1.3783597519
2018,12,45007,3,12,955,9877,3.14136125654,1.21494380885
2018,12,45055,2,2,250,2872,8.0,0.696378830084
2018,12,45075,1,1,401,6518,2.49376558603,0.153421294876
2018,12,45035,7,11,746,7391,9.38337801609,1.48829657692
2018,12,45083,13,21,1735,25903,7.49279538905,0.810716905378
2019,1,45079,16,19,2898,23879,5.52104899931,0.79567821098
2019,1,45019,22,28,3383,32566,6.50310375406,0.859792421544
2019,1,45041,5,11,733,9512,6.82128240109,1.15643397813
2019,1,45067,1,1,56,585,17.8571428571,1.7094017094
2019,1,45003,7,7,676,7342,10.3550295858,0.953418687006
2019,1,45051,20,31,2507,30997,7.97766254487,1.00009678356
2019,1,45077,5,5,1287,10780,3.885003885,0.463821892393
2019,1,45013,5,6,899,7267,5.5617352614,0.825650199532
2019,1,45007,5,16,872,9600,5.73394495413,1.66666666667
2019,1,45021,1,1,237,1325,4.2194092827,0.754716981132
2019,1,45047,2,4,280,4049,7.14285714286,0.987898246481
2019,1,45015,5,5,724,7047,6.90607734807,0.709521782319
2019,1,45063,6,12,2089,22800,2.87218764959,0.526315789474
2019,1,45049,1,1,34,332,29.4117647059,3.01204819277
2019,1,45031,2,2,214,1583,9.34579439252,1.26342387871
2019,1,45057,5,5,760,6373,6.57894736842,0.784559861917
2019,1,45091,6,6,1177,10160,5.09770603229,0.590551181102
2019,1,45043,1,1,397,5144,2.51889168766,0.194401244168
2019,1,45033,1,2,90,1170,11.1111111111,1.7094017094
2019,1,45059,1,2,137,1064,7.29927007299,1.87969924812
2019,1,45045,27,32,3300,40232,8.18181818182,0.79538675681
2019,1,45075,3,3,376,5404,7.97872340426,0.555144337528
2019,1,45083,16,124,1520,28623,10.5263157895,4.33218041435
2019,1,45035,4,4,659,6963,6.06980273141,0.574465029441
2019,1,45027,1,1,67,231,14.9253731343,4.329004329
2019,1,45011,1,2,39,536,25.641025641,3.73134328358
2019,1,45037,1,1,35,948,28.5714285714,1.05485232068
2019,1,45085,4,4,345,5124,11.5942028986,0.780640124902
2019,1,45025,1,1,72,640,13.8888888889,1.5625
2019,2,45075,2,3,369,6600,5.42005420054,0.454545454545
2019,2,45063,12,18,2083,17975,5.76092174748,1.00139082058
2019,2,45015,4,4,703,6161,5.68990042674,0.649245252394
2019,2,45007,8,15,788,8761,10.152284264,1.71213331811
2019,2,45055,1,1,197,1758,5.07614213198,0.568828213879
2019,2,45027,1,1,50,504,20.0,1.98412698413
2019,2,45013,2,2,897,6696,2.22965440357,0.298685782557
2019,2,45087,1,1,61,499,16.393442623,2.00400801603
2019,2,45021,1,1,237,1585,4.2194092827,0.630914826498
2019,2,45047,1,4,277,2245,3.61010830325,1.78173719376
2019,2,45079,14,19,2926,22248,4.78468899522,0.854009349155
2019,2,45019,18,27,3513,31716,5.12382578992,0.851305334847
2019,2,45041,3,4,704,8416,4.26136363636,0.475285171103
2019,2,45091,7,9,1135,9556,6.16740088106,0.94181665969
2019,2,45031,1,1,214,1982,4.67289719626,0.50454086781
2019,2,45057,4,4,730,5555,5.47945205479,0.720072007201
2019,2,45003,5,7,714,6157,7.00280112045,1.13691732987
2019,2,45045,23,28,3278,38890,7.01647345943,0.719979429159
2019,2,45085,4,6,343,4582,11.6618075802,1.30947184636
2019,2,45077,3,4,1110,10492,2.7027027027,0.381242851697
2019,2,45051,21,32,2722,36124,7.71491550331,0.885837670247
2019,2,45073,1,1,299,1959,3.34448160535,0.510464522716
2019,2,45059,2,2,163,1004,12.2699386503,1.99203187251
2019,2,45071,2,2,134,1038,14.9253731343,1.9267822736
2019,2,45049,1,1,42,383,23.8095238095,2.61096605744
2019,2,45035,4,4,614,5705,6.51465798046,0.701139351446
2019,2,45083,16,32,1519,27529,10.5332455563,1.16241054888
2019,3,45073,1,1,357,2153,2.80112044818,0.464468183929
2019,3,45047,2,9,271,1938,7.38007380074,4.6439628483
2019,3,45031,3,4,206,1834,14.5631067961,2.18102508179
2019,3,45057,3,3,713,5013,4.20757363254,0.598444045482
2019,3,45045,20,34,3389,33975,5.90144585423,1.00073583517
2019,3,45053,1,2,158,370,6.32911392405,5.40540540541
2019,3,45079,8,13,3187,23347,2.51019767807,0.556816721634
2019,3,45091,1,1,1160,8627,0.862068965517,0.11591515011
2019,3,45043,1,2,417,3361,2.39808153477,0.595060993752
2019,3,45029,1,1,96,309,10.4166666667,3.23624595469
2019,3,45003,2,3,692,5263,2.8901734104,0.570017100513
2019,3,45077,1,1,1066,7643,0.93808630394,0.130838675913
2019,3,45085,3,3,318,3314,9.43396226415,0.905250452625
2019,3,45051,16,21,3894,32214,4.10888546482,0.651890482399
2019,3,45033,1,1,75,605,13.3333333333,1.65289256198
2019,3,45059,1,1,141,787,7.09219858156,1.2706480305
2019,3,45013,2,2,1245,6855,1.60642570281,0.291757840992
2019,3,45083,15,18,1482,21653,10.1214574899,0.831293585185
2019,3,45019,12,13,3779,26379,3.17544323895,0.492816255355
2019,3,45041,5,5,662,7348,7.55287009063,0.680457267284
2019,3,45067,1,1,63,652,15.873015873,1.53374233129
2019,3,45075,2,2,380,5705,5.26315789474,0.350569675723
2019,3,45001,1,1,37,134,27.027027027,7.46268656716
2019,3,45035,6,9,616,3780,9.74025974026,2.38095238095
2019,3,45007,3,4,782,5371,3.83631713555,0.74474027183
2019,3,45015,3,3,681,5434,4.40528634361,0.552079499448
2019,3,45063,8,9,2093,14800,3.82226469183,0.608108108108
2019,4,45079,6,8,2819,20847,2.12841433132,0.383748261141
2019,4,45045,19,23,3011,33433,6.31019594819,0.68794305028
2019,4,45005,1,1,14,84,71.4285714286,11.9047619048
2019,4,45075,2,2,389,6372,5.14138817481,0.313873195229
2019,4,45059,2,4,149,957,13.4228187919,4.17972831766
2019,4,45019,18,20,3653,28401,4.92745688475,0.704200556318
2019,4,45041,4,5,647,7083,6.18238021638,0.705915572498
2019,4,45047,1,5,249,2459,4.01606425703,2.03334688898
2019,4,45015,3,3,643,5574,4.66562986003,0.5382131324
2019,4,45063,11,13,1920,16820,5.72916666667,0.77288941736
2019,4,45085,1,1,318,3779,3.14465408805,0.264620269913
2019,4,45007,4,12,785,6885,5.09554140127,1.74291938998
2019,4,45043,2,2,434,2926,4.60829493088,0.683526999316
2019,4,45035,3,4,595,4783,5.04201680672,0.83629521221
2019,4,45083,9,14,1334,22108,6.74662668666,0.633254930342
2019,4,45091,5,5,1186,8413,4.21585160202,0.594318316891
2019,4,45057,2,2,697,5093,2.86944045911,0.392695857059
2019,4,45031,2,2,200,1670,10.0,1.19760479042
2019,4,45077,4,5,1042,12018,3.83877159309,0.416042602763
2019,4,45051,15,24,3579,31512,4.19111483655,0.761614623001
2019,4,45029,1,1,101,362,9.90099009901,2.76243093923
2019,4,45003,3,6,716,5685,4.18994413408,1.05540897098
2019,4,45013,1,5,1343,7951,0.744601638124,0.628851716765
2019,5,45019,10,11,2973,21623,3.3636057854,0.508717569255
2019,5,45003,3,3,562,3891,5.33807829181,0.77101002313
2019,5,45051,9,12,2946,20992,3.0549898167,0.571646341463
2019,5,45077,3,3,682,6265,4.39882697947,0.47885075818
2019,5,45083,8,14,1148,15060,6.96864111498,0.929614873838
2019,5,45091,2,2,968,6185,2.06611570248,0.323362974939
2019,5,45043,3,3,366,2744,8.19672131148,1.09329446064
2019,5,45035,1,2,476,3412,2.10084033613,0.586166471278
2019,5,45057,5,5,596,3987,8.38926174497,1.25407574618
2019,5,45031,1,1,192,1442,5.20833333333,0.693481276006
2019,5,45079,10,14,2395,17529,4.17536534447,0.798676478978
2019,5,45013,6,8,971,5779,6.17919670443,1.38432254715
2019,5,45087,1,1,45,384,22.2222222222,2.60416666667
2019,5,45033,1,1,56,589,17.8571428571,1.69779286927
2019,5,45059,1,2,105,748,9.52380952381,2.67379679144
2019,5,45045,13,14,2581,24236,5.03680743898,0.577653078066
2019,5,45021,1,4,181,725,5.52486187845,5.51724137931
2019,5,45047,1,1,208,1656,4.80769230769,0.6038647343
2019,5,45055,2,2,153,1595,13.0718954248,1.2539184953
2019,5,45007,4,7,635,4308,6.29921259843,1.62488393686
2019,5,45015,4,4,584,4045,6.84931506849,0.988875154512
2019,5,45063,9,12,1744,13685,5.16055045872,0.876872488126
2019,6,45053,1,1,156,718,6.41025641026,1.39275766017
2019,6,45079,17,23,2777,23121,6.12171407994,0.994766662342
2019,6,45085,1,1,354,4302,2.82485875706,0.232450023245
2019,6,45045,32,56,3140,36365,10.1910828025,1.53994225217
2019,6,45055,2,2,195,2201,10.2564102564,0.908677873694
2019,6,45021,3,3,255,1598,11.7647058824,1.87734668335
2019,6,45047,3,8,221,2016,13.5746606335,3.96825396825
2019,6,45007,6,6,752,5198,7.97872340426,1.15429011158
2019,6,45013,10,19,1644,10907,6.08272506083,1.74200055011
2019,6,45001,2,2,41,222,48.7804878049,9.00900900901
2019,6,45019,16,21,3804,33050,4.20609884332,0.635400907716
2019,6,45031,1,1,216,1251,4.62962962963,0.799360511591
2019,6,45041,7,16,668,10406,10.4790419162,1.53757447626
2019,6,45067,1,1,62,670,16.1290322581,1.49253731343
2019,6,45057,5,6,765,7168,6.53594771242,0.837053571429
2019,6,45033,1,1,114,820,8.77192982456,1.21951219512
2019,6,45073,2,2,359,1813,5.57103064067,1.10314396029
2019,6,45015,5,5,693,5917,7.21500721501,0.845022815616
2019,6,45083,11,24,1281,21549,8.58704137393,1.11374077683
2019,6,45035,3,3,587,5904,5.11073253833,0.508130081301
2019,6,45063,12,25,2002,20661,5.99400599401,1.21000919607
2019,6,45091,6,6,1166,8312,5.14579759863,0.721847930703
2019,6,45043,1,1,548,4255,1.82481751825,0.235017626322
2019,6,45003,9,15,610,6765,14.7540983607,2.21729490022
2019,6,45051,25,33,5157,39172,4.84777971689,0.842438476463
2019,6,45077,3,6,812,5403,3.69458128079,1.11049416991
2019,7,45019,15,18,3939,31471,3.808073115,0.571955133297
2019,7,45041,5,7,705,9244,7.09219858156,0.757247944613
2019,7,45007,1,1,733,5618,1.36425648022,0.177999288003
2019,7,45075,1,1,233,2681,4.29184549356,0.372995151063
2019,7,45091,6,6,1248,9456,4.80769230769,0.634517766497
2019,7,45043,3,3,677,4670,4.43131462334,0.642398286938
2019,7,45083,13,16,1473,21020,8.82552613714,0.761179828735
2019,7,45035,2,3,610,6432,3.27868852459,0.466417910448
2019,7,45085,1,2,340,3855,2.94117647059,0.518806744488
2019,7,45045,31,42,3076,41499,10.078023407,1.01207258006
2019,7,45077,3,3,722,5105,4.15512465374,0.587659157689
2019,7,45051,27,30,5812,44729,4.64556090847,0.670705806077
2019,7,45003,8,9,749,7615,10.6809078772,1.18187787262
2019,7,45031,1,1,182,1609,5.49450549451,0.621504039776
2019,7,45057,2,2,779,6582,2.56739409499,0.30385900942
2019,7,45047,1,1,221,1497,4.52488687783,0.668002672011
2019,7,45021,1,1,251,1174,3.98406374502,0.851788756388
2019,7,45015,6,7,698,7957,8.59598853868,0.879728540907
2019,7,45063,10,11,1957,20849,5.10986203373,0.527603242362
2019,7,45049,1,2,44,958,22.7272727273,2.08768267223
2019,7,45013,10,13,1985,12284,5.03778337531,1.05828720287
2019,7,45079,13,18,2538,23244,5.12214342002,0.774393391843
2019,7,45073,2,3,326,1706,6.13496932515,1.75849941383
2019,7,45025,1,1,80,391,12.5,2.55754475703
2019,7,45087,1,1,57,631,17.5438596491,1.58478605388
2019,8,45051,15,16,4544,35743,3.30105633803,0.447640097362
2019,8,45077,3,4,1039,7565,2.88739172281,0.528750826173
2019,8,45043,1,1,539,4438,1.85528756957,0.225326723749
2019,8,45091,5,7,1219,8482,4.10172272354,0.825277057298
2019,8,45063,10,11,2068,22121,4.83558994197,0.497265042268
2019,8,45015,3,3,697,6490,4.30416068867,0.462249614792
2019,8,45003,4,6,623,6711,6.42054574639,0.894054537327
2019,8,45041,7,9,685,8309,10.2189781022,1.08316283548
2019,8,45083,11,16,1386,23193,7.93650793651,0.68986332083
2019,8,45035,5,5,593,6725,8.43170320405,0.743494423792
2019,8,45075,5,7,372,5080,13.4408602151,1.37795275591
2019,8,45019,7,11,3536,30051,1.97963800905,0.366044391202
2019,8,45007,1,1,778,5986,1.2853470437,0.167056465085
2019,8,45031,1,1,400,3073,2.5,0.325414904003
2019,8,45057,5,5,786,6384,6.36132315522,0.78320802005
2019,8,45045,32,49,2952,41803,10.8401084011,1.17216467718
2019,8,45073,1,1,345,1731,2.89855072464,0.577700751011
2019,8,45033,1,2,86,555,11.6279069767,3.6036036036
2019,8,45013,5,9,1453,9946,3.44115622849,0.904886386487
2019,8,45079,11,13,2629,24346,4.18410041841,0.533968619075
2019,8,45047,1,1,243,1450,4.11522633745,0.689655172414
2019,8,45011,1,2,32,311,31.25,6.4308681672
2019,8,45085,5,5,378,4453,13.2275132275,1.12283853582
2019,8,45049,1,1,40,1170,25.0,0.854700854701
2019,9,45013,7,8,954,7215,7.33752620545,1.1088011088
2019,9,45039,1,1,61,419,16.393442623,2.38663484487
2019,9,45061,1,2,34,269,29.4117647059,7.43494423792
2019,9,45035,1,1,561,7264,1.7825311943,0.137665198238
2019,9,45083,10,14,1431,23377,6.98812019567,0.598879240279
2019,9,45045,21,26,2966,38775,7.08024275118,0.67053513862
2019,9,45079,7,9,2801,24378,2.49910746162,0.369185331036
2019,9,45041,6,7,684,7457,8.77192982456,0.938715301059
2019,9,45019,7,7,3062,28864,2.28608752449,0.242516629712
2019,9,45073,2,2,374,1681,5.34759358289,1.18976799524
2019,9,45031,2,2,422,3456,4.73933649289,0.578703703704
2019,9,45057,3,3,726,7022,4.13223140496,0.427228709769
2019,9,45021,1,1,251,1357,3.98406374502,0.736919675755
2019,9,45047,1,1,221,2210,4.52488687783,0.452488687783
2019,9,45037,1,1,45,388,22.2222222222,2.57731958763
2019,9,45085,3,3,318,4828,9.43396226415,0.621375310688
2019,9,45075,3,4,403,7241,7.44416873449,0.552409888137
2019,9,45089,1,1,36,214,27.7777777778,4.67289719626
2019,9,45007,5,11,794,5889,6.29722921914,1.86788928511
2019,9,45071,1,1,163,1021,6.13496932515,0.979431929481
2019,9,45015,8,11,651,6647,12.2887864823,1.65488190161
2019,9,45063,7,11,2048,21804,3.41796875,0.504494588149
2019,9,45051,23,30,2768,30452,8.30924855491,0.985156968344
2019,9,45077,4,5,1269,9771,3.15208825847,0.51171835022
2019,9,45043,2,2,437,4060,4.5766590389,0.492610837438
2019,9,45091,2,2,1181,8486,1.69348010161,0.235682300259
2019,9,45003,4,4,624,7228,6.41025641026,0.553403431101
2019,10,45041,3,6,332,2750,9.03614457831,2.18181818182
2019,10,45019,8,9,1721,10053,4.64846019756,0.895255147717
2019,10,45063,8,9,1097,7028,7.29261622607,1.28059191804
2019,10,45007,1,1,392,1898,2.55102040816,0.526870389884
2019,10,45035,2,2,300,2352,6.66666666667,0.850340136054
2019,10,45083,6,7,725,7880,8.27586206897,0.888324873096
2019,10,45051,7,9,1298,10173,5.39291217257,0.884694780301
2019,10,45091,3,3,643,3060,4.66562986003,0.980392156863
2019,10,45079,4,5,1244,8146,3.2154340836,0.613798183157
2019,10,45045,8,9,1637,12909,4.8869883934,0.697188008366
2019,10,45075,1,1,238,2756,4.20168067227,0.362844702467
2019,12,45045,12,15,2374,28103,5.0547598989,0.533750845106
2019,12,45007,3,6,579,3671,5.18134715026,1.63443203487
2019,12,45079,8,10,1836,15135,4.35729847495,0.660720185002
2019,12,45063,9,11,1509,11265,5.96421471173,0.976475810031
2019,12,45013,4,5,785,5292,5.09554140127,0.944822373394
2019,12,45043,2,3,323,3330,6.1919504644,0.900900900901
2019,12,45091,5,5,883,5687,5.66251415629,0.879198171268
2019,12,45035,4,5,466,4837,8.58369098712,1.0336985735
2019,12,45083,6,12,1053,12466,5.69800569801,0.962618321835
2019,12,45075,1,3,198,1816,5.05050505051,1.65198237885
2019,12,45031,1,2,160,1463,6.25,1.36705399863
2019,12,45057,1,1,614,5159,1.62866449511,0.193836014732
2019,12,45003,2,3,451,3848,4.43458980044,0.779625779626
2019,12,45071,1,1,95,771,10.5263157895,1.29701686122
2019,12,45077,2,3,512,3905,3.90625,0.768245838668
2019,12,45051,11,23,1828,19479,6.01750547046,1.18075876585
2019,12,45011,1,3,24,407,41.6666666667,7.37100737101
2019,12,45067,2,2,45,349,44.4444444444,5.73065902579
2019,12,45041,2,2,544,5115,3.67647058824,0.39100684262
2019,12,45019,7,8,2274,16190,3.07827616535,0.494132180358
2020,1,45085,4,4,301,4964,13.2890365449,0.805801772764
2020,1,45077,2,3,809,7857,2.47218788628,0.381825124093
2020,1,45051,17,25,2069,30666,8.2165297245,0.815235113807
2020,1,45003,2,2,561,5575,3.56506238859,0.358744394619
2020,1,45043,2,2,314,4812,6.36942675159,0.415627597672
2020,1,45079,7,7,2389,23618,2.93009627459,0.296384113811
2020,1,45053,1,1,108,388,9.25925925926,2.57731958763
2020,1,45045,17,28,2710,42167,6.27306273063,0.664026371333
2020,1,45013,3,5,773,8728,3.88098318241,0.572868927589
2020,1,45033,2,5,89,493,22.4719101124,10.1419878296
2020,1,45015,5,7,569,5642,8.78734622144,1.24069478908
2020,1,45063,13,14,1880,18466,6.91489361702,0.758150113723
2020,1,45073,2,2,253,2262,7.90513833992,0.884173297966
2020,1,45057,2,2,672,6206,2.97619047619,0.322268772156
2020,1,45007,6,7,673,6398,8.91530460624,1.09409190372
2020,1,45021,2,2,221,1358,9.04977375566,1.47275405007
2020,1,45067,1,1,49,967,20.4081632653,1.03412616339
2020,1,45041,2,2,593,9778,3.37268128162,0.204540805891
2020,1,45019,8,10,2794,26635,2.86327845383,0.375445841937
2020,1,45075,1,1,355,4743,2.81690140845,0.210837022981
2020,1,45035,3,4,537,6361,5.58659217877,0.628831944663
2020,1,45083,13,14,1296,23702,10.0308641975,0.590667454223
2020,2,45073,1,1,277,1965,3.61010830325,0.508905852417
2020,2,45087,1,1,52,404,19.2307692308,2.47524752475
2020,2,45013,3,3,809,7900,3.70828182942,0.379746835443
2020,2,45067,2,2,52,954,38.4615384615,2.0964360587
2020,2,45019,14,17,3017,24788,4.6403712297,0.685815717283
2020,2,45041,4,9,577,9738,6.93240901213,0.924214417745
2020,2,45075,3,3,366,6050,8.19672131148,0.495867768595
2020,2,45051,13,16,2085,24682,6.23501199041,0.648245685115
2020,2,45091,4,4,1010,7923,3.9603960396,0.504859270478
2020,2,45043,4,7,303,3907,13.201320132,1.79165600205
2020,2,45077,7,10,750,7215,9.33333333333,1.386001386
2020,2,45003,3,3,523,4914,5.7361376673,0.610500610501
2020,2,45083,9,10,1310,20379,6.87022900763,0.490701212032
2020,2,45035,4,4,461,5528,8.67678958785,0.723589001447
2020,2,45063,9,12,1871,16799,4.81026189204,0.714328233823
2020,2,45079,11,12,2525,19454,4.35643564356,0.616839724478
2020,2,45015,3,4,544,4465,5.51470588235,0.895856662934
2020,2,45007,8,9,700,5796,11.4285714286,1.55279503106
2020,2,45085,5,5,302,4698,16.5562913907,1.06428267348
2020,2,45045,22,27,2813,36062,7.82083185212,0.748710554046
2020,2,45057,3,3,617,4637,4.86223662885,0.646970023722
2020,3,45083,7,12,1118,21185,6.26118067979,0.566438517819
2020,3,45035,3,4,507,5971,5.91715976331,0.669904538603
2020,3,45047,1,1,224,1833,4.46428571429,0.545553737043
2020,3,45041,6,7,572,12044,10.4895104895,0.581202258386
2020,3,45067,1,1,45,616,22.2222222222,1.62337662338
2020,3,45073,2,3,285,2032,7.01754385965,1.47637795276
2020,3,45019,11,15,2762,28191,3.98262128892,0.532084707885
2020,3,45013,3,3,943,9514,3.18133616119,0.315324784528
2020,3,45015,2,2,570,5000,3.50877192982,0.4
2020,3,45063,9,13,1780,21689,5.05617977528,0.599382175296
2020,3,45003,4,5,614,6236,6.51465798046,0.801796023092
2020,3,45077,1,1,669,7069,1.49476831091,0.141462724572
2020,3,45051,14,17,2535,32988,5.52268244576,0.515338911119
2020,3,45029,2,2,79,585,25.3164556962,3.4188034188
2020,3,45057,1,1,655,6328,1.52671755725,0.158027812895
2020,3,45085,2,6,289,6291,6.92041522491,0.953743443014
2020,3,45045,15,21,2860,42254,5.24475524476,0.496994367397
2020,3,45011,1,1,32,316,31.25,3.16455696203
2020,3,45043,2,3,327,5020,6.11620795107,0.597609561753
2020,3,45091,2,3,1097,10336,1.82315405652,0.290247678019
2020,3,45079,6,7,2251,22190,2.665482008,0.315457413249
2020,3,45007,3,3,707,6868,4.243281471,0.436808386721
2020,3,45055,1,1,187,2434,5.34759358289,0.410846343468
2020,4,45045,18,24,2019,37754,8.91530460624,0.635694231075
2020,4,45041,6,6,417,10372,14.3884892086,0.578480524489
2020,4,45019,10,10,1891,22640,5.28820729773,0.441696113074
2020,4,45003,4,5,454,6931,8.81057268722,0.721396623864
2020,4,45029,1,1,49,842,20.4081632653,1.18764845606
2020,4,45051,10,12,1401,26326,7.13775874375,0.455823140621
2020,4,45077,1,2,470,7839,2.12765957447,0.255134583493
2020,4,45085,2,2,259,4679,7.72200772201,0.42744176106
2020,4,45073,1,1,210,1948,4.7619047619,0.513347022587
2020,4,45057,1,1,497,6107,2.01207243461,0.163746520386
2020,4,45049,2,2,31,557,64.5161290323,3.59066427289
2020,4,45023,1,1,48,890,20.8333333333,1.12359550562
2020,4,45015,2,8,474,5091,4.2194092827,1.57140051071
2020,4,45063,6,6,1304,19978,4.60122699387,0.3003303634
2020,4,45031,1,1,143,1092,6.99300699301,0.915750915751
2020,4,45079,11,13,1561,19993,7.0467648943,0.650227579653
2020,4,45033,1,2,59,1490,16.9491525424,1.34228187919
2020,4,45091,2,3,780,10048,2.5641025641,0.298566878981
2020,4,45055,1,1,137,2311,7.29927007299,0.432713111207
2020,4,45047,1,1,163,1795,6.13496932515,0.557103064067
2020,4,45007,4,5,568,6809,7.04225352113,0.73432222059
2020,4,45013,4,5,656,10049,6.09756097561,0.497561946462
2020,4,45035,1,1,417,5251,2.39808153477,0.190439916206
2020,4,45083,5,6,863,19407,5.79374275782,0.309166795486
2020,4,45075,1,1,154,1302,6.49350649351,0.768049155146
2020,5,45073,1,1,239,2137,4.18410041841,0.467945718297
2020,5,45079,9,15,1710,18586,5.26315789474,0.807059076724
2020,5,45047,2,3,149,1361,13.4228187919,2.20426157237
2020,5,45013,7,8,1039,10946,6.73724735322,0.730860588343
2020,5,45019,5,6,2377,23277,2.10349179638,0.257765175925
2020,5,45041,6,11,503,8785,11.9284294235,1.25213431986
2020,5,45035,2,2,453,5298,4.41501103753,0.377500943752
2020,5,45083,6,7,984,17473,6.09756097561,0.400618096492
2020,5,45057,2,2,577,6108,3.46620450607,0.327439423707
2020,5,45063,5,11,1428,17829,3.50140056022,0.616972348421
2020,5,45015,4,4,518,5623,7.72200772201,0.711364040548
2020,5,45075,2,4,171,1402,11.6959064327,2.85306704708
2020,5,45007,2,2,548,4992,3.6496350365,0.400641025641
2020,5,45045,14,19,2258,35908,6.20017714792,0.529129998886
2020,5,45077,2,2,541,9054,3.69685767098,0.220896841175
2020,5,45051,10,13,2658,28937,3.76222723853,0.449251822926
2020,5,45003,3,3,501,4916,5.9880239521,0.610252237592
2020,5,45085,1,1,282,5120,3.54609929078,0.1953125
2020,5,45091,4,5,877,8819,4.56100342075,0.566957704955
2020,5,45043,1,1,369,4049,2.71002710027,0.24697456162
2020,5,45049,1,1,29,625,34.4827586207,1.6
2020,6,45071,1,1,92,727,10.8695652174,1.37551581843
2020,6,45013,8,10,1431,10177,5.59049615653,0.982607841211
2020,6,45021,1,1,181,958,5.52486187845,1.04384133612
2020,6,45047,1,1,163,1473,6.13496932515,0.678886625933
2020,6,45057,2,2,549,5626,3.64298724954,0.355492356914
2020,6,45063,2,2,1452,17236,1.37741046832,0.116036203295
2020,6,45007,1,1,588,4860,1.70068027211,0.205761316872
2020,6,45055,1,1,159,1652,6.2893081761,0.605326876513
2020,6,45015,2,3,529,4791,3.78071833648,0.626174076393
2020,6,45085,2,3,259,3521,7.72200772201,0.852030673104
2020,6,45091,4,6,844,8217,4.73933649289,0.730193501278
2020,6,45043,2,4,422,4161,4.73933649289,0.961307378034
2020,6,45003,2,2,494,4729,4.04858299595,0.422922393741
2020,6,45051,13,18,3461,28924,3.75613984398,0.622320564237
2020,6,45077,2,2,481,6142,4.158004158,0.325626831651
2020,6,45073,1,1,254,1701,3.93700787402,0.587889476778
2020,6,45033,1,3,82,1004,12.1951219512,2.98804780876
2020,6,45079,4,4,1684,18000,2.37529691211,0.222222222222
2020,6,45045,17,21,2222,34839,7.65076507651,0.602772754671
2020,6,45005,1,1,15,121,66.6666666667,8.26446280992
2020,6,45035,4,5,467,6692,8.56531049251,0.747160789002
2020,6,45083,16,24,979,19938,16.3432073544,1.20373156786
2020,6,45019,9,9,2568,22281,3.5046728972,0.403931600916
2020,6,45041,2,2,501,8960,3.99201596806,0.223214285714
2020,7,45057,3,4,573,4965,5.23560209424,0.805639476334
2020,7,45031,1,1,149,1598,6.71140939597,0.625782227785
2020,7,45041,3,6,478,9151,6.27615062762,0.655666047427
2020,7,45019,15,16,2607,24368,5.75373993096,0.656598818122
2020,7,45047,2,2,165,1679,12.1212121212,1.1911852293
2020,7,45021,2,2,149,1014,13.4228187919,1.97238658777
2020,7,45077,1,1,463,5669,2.15982721382,0.176397953784
2020,7,45051,17,18,3481,32407,4.88365412238,0.555435554047
2020,7,45003,1,1,480,4964,2.08333333333,0.201450443191
2020,7,45013,5,5,1472,11685,3.39673913043,0.427899015832
2020,7,45079,6,6,1591,19531,3.77121307354,0.30720393221
2020,7,45045,16,19,2135,34865,7.49414519906,0.544959128065
2020,7,45083,6,11,1031,22715,5.81959262852,0.484261501211
2020,7,45035,4,5,431,6734,9.2807424594,0.742500742501
2020,7,45091,2,4,934,8954,2.14132762313,0.446727719455
2020,7,45043,1,1,504,4313,1.98412698413,0.23185717598
2020,7,45015,7,9,520,6674,13.4615384615,1.34851663171
2020,7,45063,9,16,1488,20255,6.04838709677,0.789928412738
2020,7,45049,1,1,20,706,50.0,1.4164305949
2020,8,45013,3,4,1121,11249,2.67618198037,0.355587163303
2020,8,45075,1,1,147,1173,6.80272108844,0.852514919011
2020,8,45085,2,3,255,4527,7.8431372549,0.662690523526
2020,8,45015,5,6,527,6385,9.48766603416,0.939702427565
2020,8,45063,4,4,1431,18530,2.79524807827,0.215866162979
2020,8,45007,1,2,601,4893,1.66389351082,0.408747189863
2020,8,45057,6,7,528,5210,11.3636363636,1.34357005758
2020,8,45067,1,1,47,1057,21.2765957447,0.946073793756
2020,8,45077,1,1,489,4938,2.04498977505,0.202511138113
2020,8,45003,4,5,447,4260,8.9485458613,1.17370892019
2020,8,45051,14,18,2874,34320,4.87125956855,0.524475524476
2020,8,45019,13,14,2350,24386,5.53191489362,0.574099893381
2020,8,45041,6,7,488,11077,12.2950819672,0.631940055972
2020,8,45079,7,9,1704,22063,4.10798122066,0.407922766623
2020,8,45083,10,14,1087,22119,9.19963201472,0.632940006329
2020,8,45091,3,3,942,8151,3.1847133758,0.368052999632
2020,8,45043,3,3,405,3915,7.40740740741,0.766283524904
2020,8,45035,1,1,437,6277,2.28832951945,0.15931177314
2020,8,45073,1,1,237,2020,4.2194092827,0.49504950495
2020,8,45045,17,20,2217,37618,7.66801984664,0.531660375352
2020,9,45015,2,20,511,6552,3.91389432485,3.0525030525
2020,9,45063,9,11,1358,19293,6.62739322533,0.57015497849
2020,9,45049,1,1,29,402,34.4827586207,2.48756218905
2020,9,45035,1,2,415,6575,2.40963855422,0.304182509506
2020,9,45083,5,5,983,17675,5.08646998983,0.2828854314
2020,9,45007,2,2,586,4307,3.41296928328,0.464360343627
2020,9,45021,1,1,183,1390,5.46448087432,0.719424460432
2020,9,45013,1,1,929,7817,1.0764262648,0.127926314443
2020,9,45003,4,4,432,5095,9.25925925926,0.785083415113
2020,9,45051,13,15,2339,29658,5.55793073963,0.505765729314
2020,9,45077,3,3,592,7132,5.06756756757,0.420639371845
2020,9,45045,9,14,2050,37010,4.39024390244,0.378276141583
2020,9,45079,9,10,1650,20852,5.45454545455,0.479570305007
2020,9,45073,2,2,205,2284,9.75609756098,0.875656742557
2020,9,45059,2,2,108,642,18.5185185185,3.11526479751
2020,9,45031,2,2,228,1848,8.77192982456,1.08225108225
2020,9,45057,1,1,545,5088,1.83486238532,0.196540880503
2020,9,45041,4,8,493,10589,8.11359026369,0.755500991595
2020,9,45067,1,1,49,949,20.4081632653,1.05374077977
2020,9,45019,5,5,2282,23054,2.19106047327,0.216882102889
2020,9,45091,4,4,912,8341,4.38596491228,0.479558805899
2020,9,45043,1,1,350,4396,2.85714285714,0.227479526843
2020,10,45007,2,2,618,5272,3.23624595469,0.379362670713
2020,10,45079,12,22,1663,25579,7.21587492483,0.860080534814
2020,10,45013,1,1,933,7775,1.0718113612,0.128617363344
2020,10,45073,2,2,263,2380,7.60456273764,0.840336134454
2020,10,45077,1,1,706,7285,1.4164305949,0.137268359643
2020,10,45045,21,26,2342,36673,8.96669513237,0.708968450904
2020,10,45051,10,11,2204,28701,4.53720508167,0.383261907251
2020,10,45085,1,2,246,3471,4.06504065041,0.576202823394
2020,10,45037,1,1,44,247,22.7272727273,4.04858299595
2020,10,45003,4,4,445,5498,8.98876404494,0.727537286286
2020,10,45019,15,20,2339,25226,6.41299700727,0.792832791564
2020,10,45041,4,5,496,16264,8.06451612903,0.307427447122
2020,10,45047,1,1,168,2232,5.95238095238,0.448028673835
2020,10,45031,1,1,147,1782,6.80272108844,0.561167227834
2020,10,45083,7,8,1064,20095,6.57894736842,0.398108982334
2020,10,45043,2,2,321,4055,6.23052959502,0.493218249075
2020,10,45091,4,5,866,8764,4.61893764434,0.570515746235
2020,10,45069,1,1,43,282,23.2558139535,3.54609929078
2020,10,45023,1,2,52,268,19.2307692308,7.46268656716
2020,10,45049,1,1,17,456,58.8235294118,2.19298245614
2020,10,45063,11,19,1472,23163,7.47282608696,0.820273712386
2020,10,45015,5,13,510,6879,9.80392156863,1.88980956534
2020,10,45071,1,2,99,670,10.101010101,2.98507462687
2020,11,45013,1,1,795,7190,1.25786163522,0.139082058414
2020,11,45079,5,10,1736,20518,2.8801843318,0.487376937323
2020,11,45053,1,1,93,310,10.752688172,3.22580645161
2020,11,45041,4,4,520,12888,7.69230769231,0.310366232154
2020,11,45075,2,2,164,2334,12.1951219512,0.856898029135
2020,11,45019,10,18,2164,29238,4.62107208872,0.615637184486
2020,11,45035,1,1,426,7173,2.34741784038,0.139411682699
2020,11,45083,3,3,1057,19748,2.83822138127,0.151914117885
2020,11,45007,3,4,595,5976,5.04201680672,0.669344042838
2020,11,45055,1,1,169,1726,5.91715976331,0.579374275782
2020,11,45045,17,19,2217,36165,7.66801984664,0.525369832711
2020,11,45091,4,4,861,8638,4.64576074332,0.463070155129
2020,11,45069,1,1,42,415,23.8095238095,2.40963855422
2020,11,45015,4,4,544,6461,7.35294117647,0.619099210649
2020,11,45063,2,2,1468,22351,1.36239782016,0.0894814549685
2020,11,45003,3,5,475,6143,6.31578947368,0.813934559661
2020,11,45051,10,18,1909,27202,5.23834468308,0.66171605029
2020,11,45077,2,2,624,6977,3.20512820513,0.286656155941
2020,11,45073,2,2,212,1791,9.43396226415,1.11669458403
2020,11,45031,2,3,154,1705,12.987012987,1.75953079179
2020,11,45057,1,1,599,7522,1.6694490818,0.132943366126
2020,11,45047,1,1,178,2225,5.61797752809,0.449438202247
2020,11,45085,3,4,244,5347,12.2950819672,0.748083037217
2020,12,45075,1,1,128,1065,7.8125,0.93896713615
2020,12,45085,1,1,229,5461,4.36681222707,0.183116645303
2020,12,45035,1,1,411,4931,2.43309002433,0.202798620969
2020,12,45083,5,6,906,16791,5.51876379691,0.357334286225
2020,12,45045,6,7,2049,28846,2.92825768668,0.242667960896
2020,12,45003,4,4,423,5019,9.45626477541,0.796971508269
2020,12,45051,7,7,1746,25139,4.00916380298,0.278451807948
2020,12,45091,7,9,792,9181,8.83838383838,0.980285371964
2020,12,45077,4,4,458,5358,8.73362445415,0.746547219112
2020,12,45043,2,2,292,3056,6.84931506849,0.65445026178
2020,12,45073,1,1,193,1526,5.18134715026,0.655307994758
2020,12,45031,1,1,133,1991,7.51879699248,0.502260170768
2020,12,45057,2,2,549,6124,3.64298724954,0.326583932071
2020,12,45013,4,4,757,6649,5.28401585205,0.601594224695
2020,12,45021,1,1,132,681,7.57575757576,1.4684287812
2020,12,45079,4,9,1557,16727,2.56904303147,0.538052250852
2020,12,45005,1,3,16,94,62.5,31.914893617
2020,12,45041,1,1,449,8464,2.2271714922,0.118147448015
2020,12,45019,8,13,1973,22854,4.05473897618,0.568828213879
2020,12,45015,5,6,490,7226,10.2040816327,0.830334901744
2020,12,45071,1,2,78,609,12.8205128205,3.28407224959
2020,12,45063,4,4,1350,19604,2.96296296296,0.204039991838
2020,12,45055,1,1,138,1725,7.24637681159,0.579710144928
2020,12,45007,3,4,542,5317,5.53505535055,0.752303930788
2021,1,45041,4,4,396,9412,10.101010101,0.424989375266
2021,1,45019,7,7,1873,21166,3.73731980779,0.330719077766
2021,1,45073,1,1,187,1519,5.34759358289,0.658327847268
2021,1,45091,2,2,731,7304,2.73597811218,0.273822562979
2021,1,45083,3,3,806,15191,3.72208436725,0.19748535317
2021,1,45043,1,1,246,3102,4.06504065041,0.322372662798
2021,1,45063,6,7,1145,18701,5.24017467249,0.374311534143
2021,1,45045,13,14,1913,29669,6.79560899111,0.471872998753
2021,1,45007,6,7,540,3938,11.1111111111,1.77755205688
2021,1,45079,3,6,1361,14121,2.20426157237,0.424899086467
2021,1,45047,1,1,133,2102,7.51879699248,0.475737392959
2021,1,45013,1,2,619,5882,1.6155088853,0.340020401224
2021,1,45021,2,2,136,928,14.7058823529,2.15517241379
2021,1,45051,9,9,1426,19665,6.31136044881,0.45766590389
2021,1,45077,3,3,471,5667,6.36942675159,0.529380624669
2021,1,45011,1,10,14,735,71.4285714286,13.6054421769
2021,1,45003,3,4,373,4440,8.04289544236,0.900900900901
2021,1,45085,1,1,198,3895,5.05050505051,0.256739409499
2021,1,45057,2,3,480,5978,4.16666666667,0.501840080294
2021,2,45007,3,4,438,3477,6.84931506849,1.15041702617
2021,2,45043,2,3,193,2149,10.3626943005,1.39599813867
2021,2,45091,3,3,674,5597,4.45103857567,0.536001429337
2021,2,45079,5,6,1324,11588,3.77643504532,0.517777010701
2021,2,45089,1,1,21,62,47.619047619,16.1290322581
2021,2,45071,1,1,75,344,13.3333333333,2.90697674419
2021,2,45057,3,4,402,3481,7.46268656716,1.14909508762
2021,2,45015,2,3,408,3450,4.90196078431,0.869565217391
2021,2,45063,7,7,1070,15234,6.54205607477,0.459498490219
2021,2,45035,1,1,325,4284,3.07692307692,0.233426704015
2021,2,45045,14,33,1632,25172,8.57843137255,1.31098045447
2021,2,45083,7,10,736,10746,9.51086956522,0.930578820026
2021,2,45047,1,1,145,2259,6.89655172414,0.442673749447
2021,2,45003,1,1,331,3478,3.02114803625,0.287521564117
2021,2,45085,1,1,185,3860,5.40540540541,0.259067357513
2021,2,45051,10,10,1358,15439,7.36377025037,0.647710343934
2021,2,45013,1,1,520,5222,1.92307692308,0.191497510532
2021,2,45019,6,8,1719,15159,3.49040139616,0.527739296787
2021,2,45075,1,1,138,1505,7.24637681159,0.664451827243
2021,2,45041,3,3,374,7173,8.02139037433,0.418235048097
2021,3,45031,1,1,114,960,8.77192982456,1.04166666667
2021,3,45057,1,1,412,3628,2.42718446602,0.275633958104
2021,3,45077,2,3,442,4808,4.52488687783,0.623960066556
2021,3,45051,8,9,1773,18287,4.51212633954,0.4921528955
2021,3,45003,1,1,385,2812,2.5974025974,0.355618776671
2021,3,45015,1,1,421,3671,2.37529691211,0.272405339145
2021,3,45063,3,4,1193,12944,2.51466890193,0.309023485785
2021,3,45007,3,4,478,3370,6.27615062762,1.18694362018
2021,3,45043,1,1,240,2670,4.16666666667,0.374531835206
2021,3,45091,4,4,681,6226,5.87371512482,0.642467073562
2021,3,45045,10,23,1811,24613,5.52181115406,0.934465526348
2021,3,45013,2,3,672,5354,2.97619047619,0.560328726186
2021,3,45005,1,1,8,17,125.0,58.8235294118
2021,3,45047,1,1,141,1360,7.09219858156,0.735294117647
2021,3,45079,8,10,1391,13432,5.75125808771,0.744490768314
2021,3,45041,3,5,432,7865,6.94444444444,0.635727908455
2021,3,45067,1,1,38,723,26.3157894737,1.38312586445
2021,3,45019,7,10,1919,17676,3.64773319437,0.565738854945
2021,3,45001,1,1,29,124,34.4827586207,8.06451612903
2021,3,45083,4,5,811,10536,4.93218249075,0.47456340167
2021,3,45035,1,1,378,4387,2.6455026455,0.227946204696
2021,3,45085,2,4,206,3663,9.70873786408,1.092001092
2021,4,45041,1,1,392,5285,2.55102040816,0.189214758751
2021,4,45019,12,15,2035,17303,5.89680589681,0.866901693348
2021,4,45007,4,5,446,3380,8.96860986547,1.47928994083
2021,4,45045,11,13,1735,21830,6.34005763689,0.595510765002
2021,4,45013,2,2,802,5313,2.49376558603,0.376435159044
2021,4,45079,7,8,1352,13760,5.1775147929,0.581395348837
2021,4,45035,1,1,333,4319,3.003003003,0.231535077564
2021,4,45083,3,5,754,10031,3.97877984085,0.498454790151
2021,4,45063,5,6,1122,11822,4.45632798574,0.507528336999
2021,4,45015,1,1,396,3716,2.52525252525,0.2691065662
2021,4,45037,1,1,25,95,40.0,10.5263157895
2021,4,45003,4,5,353,3300,11.3314447592,1.51515151515
2021,4,45029,1,1,48,441,20.8333333333,2.26757369615
2021,4,45051,7,8,2151,18689,3.25430032543,0.428059286211
2021,4,45077,1,1,485,4854,2.0618556701,0.20601565719
2021,4,45043,1,2,253,2172,3.95256916996,0.920810313076
2021,4,45091,2,2,722,6201,2.77008310249,0.322528624415
2021,4,45057,1,1,426,3273,2.34741784038,0.305530094714
2021,4,45031,1,1,121,803,8.26446280992,1.24533001245
2021,5,45021,1,1,123,627,8.13008130081,1.59489633174
2021,5,45007,1,1,503,3502,1.98807157058,0.285551113649
2021,5,45051,6,8,2348,19277,2.55536626917,0.415002334388
2021,5,45077,1,1,400,4151,2.5,0.24090580583
2021,5,45035,1,1,373,4046,2.68096514745,0.247157686604
2021,5,45083,3,4,782,8232,3.83631713555,0.485908649174
2021,5,45091,2,2,757,6145,2.64200792602,0.325467860049
2021,5,45003,1,1,381,2932,2.62467191601,0.341064120055
2021,5,45013,5,5,930,6422,5.37634408602,0.778573653068
2021,5,45057,3,3,465,3426,6.45161290323,0.875656742557
2021,5,45045,13,17,1875,24356,6.93333333333,0.697979963869
2021,5,45085,2,2,206,3104,9.70873786408,0.644329896907
2021,5,45075,1,1,136,777,7.35294117647,1.287001287
2021,5,45019,12,13,2397,17740,5.00625782228,0.732807215333
2021,5,45025,1,1,54,229,18.5185185185,4.36681222707
2021,5,45063,6,7,1189,10900,5.04625735913,0.642201834862
2021,5,45015,1,1,448,3241,2.23214285714,0.308546744832
2021,5,45079,8,16,1494,11511,5.3547523427,1.38997480671
2021,6,45079,6,6,1531,12991,3.91900718485,0.46185820953
2021,6,45091,3,3,698,5353,4.29799426934,0.560433401831
2021,6,45003,5,5,330,2762,15.1515151515,1.81028240406
2021,6,45051,13,14,2790,19938,4.65949820789,0.702176747919
2021,6,45013,2,2,989,6008,2.02224469161,0.332889480692
2021,6,45085,1,1,177,2447,5.64971751412,0.4086636698
2021,6,45045,10,17,1885,23128,5.3050397878,0.735039778623
2021,6,45041,1,1,406,4523,2.46305418719,0.221092195446
2021,6,45019,5,5,2112,14689,2.36742424242,0.340390768602
2021,6,45073,1,1,254,831,3.93700787402,1.20336943442
2021,6,45007,3,3,445,3177,6.74157303371,0.944287063267
2021,6,45055,1,1,110,1168,9.09090909091,0.856164383562
2021,6,45015,5,7,411,4921,12.1654501217,1.42247510669
2021,6,45063,6,6,1110,11229,5.40540540541,0.534330750735
2021,6,45075,1,3,129,1090,7.7519379845,2.75229357798
2021,6,45083,2,2,838,8618,2.38663484487,0.232072406591
2021,6,45047,1,1,118,949,8.47457627119,1.05374077977
2021,6,45057,2,3,434,3013,4.60829493088,0.995685363425
2021,7,45013,1,1,1095,6252,0.913242009132,0.159948816379
2021,7,45055,1,1,117,996,8.54700854701,1.00401606426
2021,7,45007,3,3,440,3011,6.81818181818,0.996346728662
2021,7,45063,4,4,1144,11073,3.4965034965,0.361239049941
2021,7,45015,1,1,392,5270,2.55102040816,0.189753320683
2021,7,45057,2,2,430,2488,4.6511627907,0.8038585209
2021,7,45003,3,3,510,4877,5.88235294118,0.615132253434
2021,7,45051,11,19,3102,21497,3.54609929078,0.883844257338
2021,7,45091,1,1,695,5169,1.43884892086,0.193461017605
2021,7,45043,1,3,378,2637,2.6455026455,1.13765642776
2021,7,45019,13,16,2277,15219,5.70926657883,1.05131743216
2021,7,45041,3,4,411,4204,7.29927007299,0.951474785918
2021,7,45075,2,6,117,1178,17.094017094,5.09337860781
2021,7,45083,4,9,813,10440,4.92004920049,0.862068965517
2021,7,45045,16,40,1796,19519,8.90868596882,2.04928531175
2021,7,45079,3,5,1267,11841,2.36779794791,0.422261633308
2021,8,45043,1,1,269,1744,3.71747211896,0.573394495413
2021,8,45091,4,9,647,7079,6.18238021638,1.27136601215
2021,8,45041,1,1,371,4800,2.69541778976,0.208333333333
2021,8,45019,6,8,1933,14251,3.10398344542,0.561364114799
2021,8,45067,1,1,29,874,34.4827586207,1.14416475973
2021,8,45045,9,16,1777,20187,5.06471581317,0.792589290137
2021,8,45077,2,2,430,2591,4.6511627907,0.771902740255
2021,8,45051,7,8,2336,18640,2.99657534247,0.429184549356
2021,8,45029,1,1,63,288,15.873015873,3.47222222222
2021,8,45085,1,1,184,2548,5.4347826087,0.392464678179
2021,8,45047,1,1,136,1050,7.35294117647,0.952380952381
2021,8,45079,4,5,1340,12216,2.98507462687,0.409299279633
2021,8,45013,2,2,841,5568,2.37812128419,0.359195402299
2021,8,45071,1,1,73,274,13.698630137,3.6496350365
2021,8,45035,3,3,351,3406,8.54700854701,0.880798590722
2021,8,45083,3,3,867,10613,3.46020761246,0.282672194478
2021,8,45063,3,4,1130,12626,2.65486725664,0.316806589577
2021,8,45007,2,3,418,3215,4.78468899522,0.933125972006
2021,9,45079,6,8,1379,12952,4.35097897027,0.617665225448
2021,9,45045,6,14,1837,20094,3.26619488296,0.696725390664
2021,9,45077,4,4,522,3619,7.66283524904,1.10527770102
2021,9,45091,3,5,640,7137,4.6875,0.700574471066
2021,9,45043,2,6,251,1644,7.96812749004,3.6496350365
2021,9,45051,6,9,1850,17273,3.24324324324,0.521044404562
2021,9,45003,6,6,321,3780,18.691588785,1.5873015873
2021,9,45057,2,2,429,3298,4.662004662,0.606428138266
2021,9,45083,4,4,791,9125,5.05689001264,0.438356164384
2021,9,45041,1,1,401,5401,2.49376558603,0.185150897982
2021,9,45019,5,6,1874,14681,2.66808964781,0.408691506028
2021,9,45035,1,1,304,4027,3.28947368421,0.248323814254
2021,9,45063,3,5,1143,11331,2.62467191601,0.441267319742
2021,9,45007,1,1,428,3084,2.33644859813,0.324254215305
2021,9,45023,1,1,34,129,29.4117647059,7.7519379845
2021,9,45013,3,3,666,5512,4.5045045045,0.544267053701
2021,10,45015,2,2,374,3595,5.34759358289,0.556328233658
2021,10,45063,1,3,1149,13218,0.870322019147,0.226963231956
2021,10,45047,1,1,132,1344,7.57575757576,0.744047619048
2021,10,45035,1,2,316,3287,3.16455696203,0.608457560085
2021,10,45091,2,4,627,5852,3.18979266348,0.683526999316
2021,10,45055,1,1,94,1139,10.6382978723,0.877963125549
2021,10,45083,5,5,793,10303,6.3051702396,0.485295544987
2021,10,45075,2,2,189,942,10.582010582,2.12314225053
2021,10,45019,6,6,1854,14272,3.23624595469,0.420403587444
2021,10,45041,1,1,369,4761,2.71002710027,0.210039907582
2021,10,45077,1,1,505,3922,1.9801980198,0.254971953085
2021,10,45051,11,19,1575,16425,6.98412698413,1.15677321157
2021,10,45003,2,2,304,2830,6.57894736842,0.706713780919
2021,10,45029,1,1,54,187,18.5185185185,5.34759358289
2021,10,45013,3,8,667,5736,4.49775112444,1.39470013947
2021,10,45057,1,1,414,3099,2.4154589372,0.322684737012
2021,10,45031,1,1,116,1001,8.62068965517,0.999000999001
2021,10,45045,13,20,1795,21821,7.24233983287,0.916548279181
2021,10,45079,4,5,1373,12954,2.91332847779,0.385981164119
2021,11,45083,7,7,769,9848,9.10273081925,0.710804224208
2021,11,45085,1,1,165,3108,6.06060606061,0.32175032175
2021,11,45079,3,4,1447,11983,2.07325501037,0.333806225486
2021,11,45075,1,1,159,922,6.2893081761,1.08459869848
2021,11,45073,1,1,172,1262,5.81395348837,0.792393026941
2021,11,45045,3,4,1731,21649,1.73310225303,0.184766040002
2021,11,45033,1,1,62,576,16.1290322581,1.73611111111
2021,11,45025,1,1,46,241,21.7391304348,4.14937759336
2021,11,45063,4,8,1118,11501,3.57781753131,0.695591687679
2021,11,45007,1,2,403,4168,2.48138957816,0.479846449136
2021,11,45013,5,6,597,6253,8.37520938023,0.959539421078
2021,11,45077,1,1,533,3441,1.87617260788,0.290613193839
2021,11,45051,4,4,1480,14960,2.7027027027,0.267379679144
2021,11,45003,1,1,304,2956,3.28947368421,0.338294993234
2021,11,45019,3,5,1829,15331,1.64024056862,0.326136586002
2021,12,45019,7,9,1565,13247,4.47284345048,0.679399109232
2021,12,45041,2,2,346,4124,5.78034682081,0.484966052376
2021,12,45027,1,1,36,81,27.7777777778,12.3456790123
2021,12,45013,1,2,524,5381,1.90839694656,0.371678126742
2021,12,45087,1,1,33,424,30.303030303,2.35849056604
2021,12,45043,1,1,189,1418,5.29100529101,0.705218617772
2021,12,45091,1,1,602,5633,1.66112956811,0.177525297355
2021,12,45003,1,1,286,2897,3.4965034965,0.3451846738
2021,12,45051,5,6,1367,14670,3.65764447696,0.40899795501
2021,12,45049,1,1,23,148,43.4782608696,6.75675675676
2021,12,45083,2,2,690,9065,2.89855072464,0.220628792057
2021,12,45063,3,7,1022,10204,2.93542074364,0.686005488044
2021,12,45015,2,2,346,3104,5.78034682081,0.644329896907
2021,12,45045,7,8,1598,21406,4.38047559449,0.373726992432
2021,12,45085,1,1,167,2973,5.9880239521,0.33636057854
2021,12,45079,1,1,1203,11423,0.831255195345,0.0875426770551
2022,1,45055,1,1,85,670,11.7647058824,1.49253731343
2022,1,45007,1,1,274,2300,3.6496350365,0.434782608696
2022,1,45071,1,1,39,297,25.641025641,3.367003367
2022,1,45063,4,4,705,8024,5.67375886525,0.49850448654
2022,1,45073,1,3,112,1442,8.92857142857,2.08044382802
2022,1,45045,4,7,1180,13637,3.38983050847,0.513309378896
2022,1,45075,1,2,83,855,12.0481927711,2.33918128655
2022,1,45085,1,1,134,1046,7.46268656716,0.956022944551
2022,1,45083,2,6,499,8790,4.00801603206,0.682593856655
2022,1,45043,1,1,127,1155,7.87401574803,0.865800865801
2022,1,45051,5,7,853,10114,5.86166471278,0.692109946609
2022,1,45019,1,1,1159,10857,0.862812769629,0.0921064750852
2022,1,45079,4,4,946,8504,4.22832980973,0.470366886171
2022,1,45013,1,1,334,3990,2.99401197605,0.250626566416
2022,2,45073,1,1,137,3563,7.29927007299,0.280662363177
2022,2,45083,1,1,414,7683,2.4154589372,0.130157490564
2022,2,45079,3,3,978,9013,3.06748466258,0.332852546322
2022,2,45045,5,9,1001,14614,4.995004995,0.615847817162
2022,2,45013,1,1,319,3309,3.13479623824,0.302206104563
2022,2,45063,3,5,670,5976,4.4776119403,0.836680053548
2022,2,45075,4,5,101,1055,39.603960396,4.73933649289
2022,2,45003,1,2,195,1685,5.12820512821,1.18694362018
2022,2,45051,6,6,840,9961,7.14285714286,0.602349161731
2022,2,45077,3,4,239,2178,12.5523012552,1.83654729109
2022,2,45019,8,9,1104,9640,7.24637681159,0.933609958506
2022,2,45057,1,1,201,1502,4.97512437811,0.665778961385
2022,3,45033,1,1,47,564,21.2765957447,1.77304964539
2022,3,45013,2,3,481,4880,4.158004158,0.614754098361
2022,3,45045,12,28,1442,22453,8.32177531207,1.24704939206
2022,3,45079,5,7,1090,10398,4.5871559633,0.673206385843
2022,3,45073,1,1,143,2857,6.99300699301,0.350017500875
2022,3,45075,2,3,104,2113,19.2307692308,1.41978230005
2022,3,45015,1,1,306,2803,3.26797385621,0.356760613628
2022,3,45063,2,3,778,7610,2.5706940874,0.394218134034
2022,3,45083,3,4,554,9214,5.41516245487,0.434121988279
2022,3,45077,3,5,281,3252,10.6761565836,1.53751537515
2022,3,45051,7,11,1227,12402,5.70497147514,0.886953717142
2022,3,45043,2,2,181,1646,11.0497237569,1.21506682868
2022,3,45091,2,3,484,4508,4.13223140496,0.665483584738
2022,3,45023,1,1,22,157,45.4545454545,6.36942675159
2022,3,45057,1,5,318,2111,3.14465408805,2.36854571293
2022,3,45007,1,1,301,2928,3.32225913621,0.341530054645
2022,3,45019,8,11,1437,13833,5.56715379262,0.795199884335
2022,3,45041,3,3,266,3197,11.2781954887,0.938379730998
2022,4,45057,1,7,309,2034,3.23624595469,3.44149459194
2022,4,45079,4,5,1230,9676,3.25203252033,0.51674245556
2022,4,45063,3,4,877,7539,3.42075256556,0.53057434673
2022,4,45003,2,2,323,2461,6.1919504644,0.812677773263
2022,4,45051,11,14,1488,13040,7.39247311828,1.0736196319
2022,4,45077,1,1,326,3002,3.06748466258,0.333111259161
2022,4,45075,2,3,135,2164,14.8148148148,1.38632162662
2022,4,45091,1,1,548,4654,1.82481751825,0.214868929953
2022,4,45035,3,3,264,2410,11.3636363636,1.24481327801
2022,4,45083,3,4,651,8672,4.60829493088,0.461254612546
2022,4,45045,9,14,1459,22926,6.16860863605,0.610660385588
2022,4,45007,3,4,329,4069,9.11854103343,0.983042516589
2022,4,45059,1,1,80,474,12.5,2.10970464135
2022,4,45019,3,3,1534,13601,1.9556714472,0.220572016763
2022,4,45041,1,1,284,3428,3.52112676056,0.291715285881
2022,4,45013,3,3,598,5240,5.01672240803,0.572519083969
2022,5,45029,1,1,38,209,26.3157894737,4.78468899522
2022,5,45003,2,2,279,2405,7.16845878136,0.831600831601
2022,5,45051,13,17,1542,14762,8.43060959792,1.15160547351
2022,5,45077,1,2,285,2987,3.50877192982,0.669568128557
2022,5,45073,1,1,145,2462,6.89655172414,0.406173842405
2022,5,45079,3,5,1108,8792,2.70758122744,0.568698817106
2022,5,45047,1,1,122,949,8.19672131148,1.05374077977
2022,5,45091,2,3,561,5316,3.56506238859,0.564334085779
2022,5,45075,1,1,123,1563,8.13008130081,0.639795265515
2022,5,45013,3,3,592,4730,5.06756756757,0.634249471459
2022,5,45027,1,1,39,112,25.641025641,8.92857142857
2022,5,45019,10,10,1764,15484,5.66893424036,0.645827951434
2022,5,45041,2,2,363,4107,5.50964187328,0.486973459946
2022,5,45063,5,6,940,9049,5.31914893617,0.663056691347
2022,5,45057,3,17,351,3261,8.54700854701,5.21312480834
2022,5,45023,1,1,45,202,22.2222222222,4.9504950495
2022,5,45015,4,5,323,2921,12.3839009288,1.71174255392
2022,5,45007,5,7,364,4862,13.7362637363,1.43973673385
2022,5,45055,3,3,102,598,29.4117647059,5.01672240803
2022,5,45045,7,10,1529,22377,4.57815565729,0.446887429057
2022,5,45083,5,6,650,10353,7.69230769231,0.579542161692
2022,5,45035,1,1,274,2399,3.6496350365,0.416840350146
2022,6,45035,1,1,253,1952,3.95256916996,0.512295081967
2022,6,45083,2,2,695,8724,2.87769784173,0.229252636405
2022,6,45073,3,3,178,1451,16.8539325843,2.06753962784
2022,6,45091,5,11,547,4692,9.1407678245,2.34441602728
2022,6,45075,1,1,96,1163,10.4166666667,0.859845227859
2022,6,45019,15,22,1717,12536,8.73616773442,1.75494575622
2022,6,45007,2,3,321,3937,6.23052959502,0.762001524003
2022,6,45063,5,9,915,9237,5.46448087432,0.974342318935
2022,6,45023,1,1,32,254,31.25,3.93700787402
2022,6,45045,14,17,1564,20602,8.95140664962,0.825162605572
2022,6,45003,3,3,268,3263,11.1940298507,0.919399325774
2022,6,45057,3,3,323,2251,9.28792569659,1.332741004
2022,6,45051,14,26,1860,15027,7.52688172043,1.73021893924
2022,6,45077,1,1,366,3163,2.73224043716,0.31615554853
2022,6,45079,6,6,1092,10834,5.49450549451,0.553812073103
2022,6,45021,1,1,109,444,9.17431192661,2.25225225225
2022,6,45013,3,3,669,7004,4.48430493274,0.428326670474
2022,7,45077,1,1,315,2690,3.1746031746,0.371747211896
2022,7,45051,7,7,2186,17083,3.2021957914,0.409764092958
2022,7,45043,1,1,289,2199,3.46020761246,0.454752160073
2022,7,45003,3,4,384,4303,7.8125,0.929584011155
2022,7,45091,5,10,667,6202,7.49625187406,1.61238310223
2022,7,45045,9,11,1526,22059,5.89777195282,0.498662677365
2022,7,45079,6,8,987,10028,6.07902735562,0.797766254487
2022,7,45013,4,4,765,6059,5.22875816993,0.660174946361
2022,7,45025,1,1,39,176,25.641025641,5.68181818182
2022,7,45073,1,4,129,1237,7.7519379845,3.23362974939
2022,7,45063,3,11,909,9463,3.300330033,1.16242206488
2022,7,45015,1,1,315,2394,3.1746031746,0.417710944027
2022,7,45057,1,1,364,2123,2.74725274725,0.471031559114
2022,7,45041,1,4,353,4821,2.8328611898,0.829703381041
2022,7,45007,2,2,325,4608,6.15384615385,0.434027777778
2022,7,45067,1,1,37,354,27.027027027,2.82485875706
2022,7,45019,8,13,1775,13072,4.50704225352,0.994492044064
2022,7,45035,1,3,264,2104,3.78787878788,1.42585551331
2022,7,45083,4,4,613,9880,6.52528548124,0.404858299595
2022,8,45073,1,4,146,3057,6.84931506849,1.30847235852
2022,8,45013,6,6,634,5840,9.46372239748,1.02739726027
2022,8,45049,1,1,17,94,58.8235294118,10.6382978723
2022,8,45075,1,2,133,2062,7.51879699248,0.969932104753
2022,8,45059,1,1,60,381,16.6666666667,2.62467191601
2022,8,45019,9,15,1592,11048,5.65326633166,1.35771180304
2022,8,45041,2,2,330,3477,6.06060606061,0.575208513086
2022,8,45067,1,1,36,669,27.7777777778,1.49476831091
2022,8,45043,2,4,227,2754,8.81057268722,1.45243282498
2022,8,45077,2,9,328,3425,6.09756097561,2.62773722628
2022,8,45051,8,10,1706,16202,4.68933177022,0.617207752129
2022,8,45083,4,4,633,8687,6.31911532385,0.460458155865
2022,8,45003,2,4,252,4311,7.93650793651,0.927858965437
2022,8,45091,5,7,581,6254,8.60585197935,1.11928365846
2022,8,45063,6,8,918,8790,6.53594771242,0.910125142207
2022,8,45015,1,1,308,2621,3.24675324675,0.381533765738
2022,8,45079,2,2,1083,10364,1.84672206833,0.192975685064
2022,8,45007,5,7,333,4523,15.015015015,1.54764536812
2022,8,45045,6,9,1467,19162,4.0899795501,0.469679574157
2022,8,45057,2,2,365,2401,5.47945205479,0.832986255727
2022,8,45031,2,2,100,1220,20.0,1.6393442623
2022,9,45047,1,1,94,1029,10.6382978723,0.971817298348
2022,9,45075,1,2,108,2166,9.25925925926,0.923361034164
2022,9,45083,4,5,600,10555,6.66666666667,0.473709142586
2022,9,45035,1,1,259,2311,3.861003861,0.432713111207
2022,9,45019,7,7,1585,11385,4.41640378549,0.614844093105
2022,9,45073,2,2,142,2933,14.0845070423,0.681895669962
2022,9,45013,3,3,491,6124,6.1099796334,0.489875898106
2022,9,45063,9,14,941,9263,9.56429330499,1.51138939868
2022,9,45003,1,1,276,4144,3.6231884058,0.241312741313
2022,9,45051,9,16,1502,16552,5.99201065246,0.966650555824
2022,9,45077,3,12,501,4976,5.9880239521,2.4115755627
2022,9,45085,1,1,148,1639,6.75675675676,0.610128126907
2022,9,45045,8,10,1487,20003,5.3799596503,0.499925011248
2022,9,45079,5,5,1256,11443,3.98089171975,0.436948352705
2022,9,45091,5,5,555,6594,9.00900900901,0.758265089475
2022,9,45043,2,2,245,2484,8.16326530612,0.805152979066
2022,9,45007,1,3,337,4236,2.96735905045,0.70821529745
2022,10,45045,9,10,1606,24027,5.60398505604,0.416198443418
2022,10,45019,9,15,1557,14220,5.78034682081,1.05485232068
2022,10,45041,1,1,334,4422,2.99401197605,0.226142017187
2022,10,45003,1,1,270,3481,3.7037037037,0.287273771905
2022,10,45051,11,19,1310,17670,8.39694656489,1.0752688172
2022,10,45077,1,6,637,6052,1.56985871272,0.991407799075
2022,10,45085,2,5,165,1993,12.1212121212,2.50878073256
2022,10,45057,1,1,381,3553,2.62467191601,0.281452293836
2022,10,45063,6,8,1000,9509,6.0,0.841308234304
2022,10,45023,1,1,41,234,24.3902439024,4.2735042735
2022,10,45053,1,1,86,355,11.6279069767,2.81690140845
2022,10,45079,6,7,1258,12666,4.76947535771,0.552660666351
2022,10,45033,1,1,43,412,23.2558139535,2.42718446602
2022,10,45091,2,2,561,5276,3.56506238859,0.379075056861
2022,10,45047,1,1,101,1339,9.90099009901,0.746825989544
2022,10,45007,2,4,347,3931,5.76368876081,1.01755278555
2022,10,45087,1,2,31,232,32.2580645161,8.62068965517
2022,10,45013,3,18,478,5192,6.27615062762,3.46687211094
2022,10,45075,1,1,192,1499,5.20833333333,0.667111407605
2022,10,45083,4,6,691,10454,5.78871201158,0.57394298833
2022,10,45035,1,1,267,2253,3.74531835206,0.443852640923
2022,11,45073,2,2,152,1007,13.1578947368,1.98609731877
2022,11,45079,5,12,1219,11590,4.10172272354,1.03537532355
2022,11,45013,3,4,480,5068,6.25,0.789265982636
2022,11,45019,3,6,1507,14142,1.99071001991,0.424268137463
2022,11,45041,4,5,354,4731,11.2994350282,1.05685901501
2022,11,45035,1,1,279,2400,3.58422939068,0.416666666667
2022,11,45083,6,7,611,10591,9.81996726678,0.660938532716
2022,11,45031,1,1,101,842,9.90099009901,1.18764845606
2022,11,45057,2,2,366,3971,5.46448087432,0.503651473181
2022,11,45015,2,3,365,3638,5.47945205479,0.824628916987
2022,11,45063,7,12,998,10903,7.01402805611,1.10061450977
2022,11,45007,2,6,381,4439,5.24934383202,1.35165577833
2022,11,45075,1,1,146,1281,6.84931506849,0.780640124902
2022,11,45077,4,7,659,5979,6.06980273141,1.17076434186
2022,11,45045,9,12,1568,24195,5.73979591837,0.495970241785
2022,11,45051,10,10,1289,17776,7.7579519007,0.562556255626
2022,11,45003,1,1,268,3125,3.73134328358,0.32
2022,11,45085,2,2,162,2212,12.3456790123,0.904159132007
2022,11,45043,2,2,185,2230,10.8108108108,0.896860986547
2022,11,45069,1,1,16,121,62.5,8.26446280992
2022,11,45091,5,6,522,4881,9.5785440613,1.22925629994
2022,11,45081,1,1,12,46,83.3333333333,21.7391304348
2022,12,45013,2,2,447,5595,4.47427293065,0.35746201966
2022,12,45003,2,2,256,3000,7.8125,0.666666666667
2022,12,45029,1,1,55,268,18.1818181818,3.73134328358
2022,12,45091,2,2,492,5029,4.06504065041,0.397693378405
2022,12,45043,2,2,220,2239,9.09090909091,0.89325591782
2022,12,45051,12,15,1288,17558,9.31677018634,0.854311424991
2022,12,45077,1,9,302,4222,3.31125827815,2.13169114164
2022,12,45085,3,5,173,1957,17.3410404624,2.55493101686
2022,12,45063,4,4,976,9487,4.09836065574,0.421629598398
2022,12,45015,3,4,324,2865,9.25925925926,1.39616055846
2022,12,45007,3,10,323,4264,9.28792569659,2.34521575985
2022,12,45083,1,1,635,10777,1.57480314961,0.0927902013547
2022,12,45041,1,1,327,3659,3.05810397554,0.273298715496
2022,12,45019,5,7,1422,13508,3.51617440225,0.518211430264
2022,12,45035,1,1,279,2114,3.58422939068,0.473036896878
2022,12,45067,1,2,31,478,32.2580645161,4.18410041841
2022,12,45045,15,24,1504,22001,9.97340425532,1.09085950639
2022,12,45079,5,8,1084,9181,4.61254612546,0.871364775079
2022,12,45073,1,1,129,1869,7.7519379845,0.535045478866
2022,12,45057,5,5,398,3274,12.5628140704,1.52718387294
